Occupation,Date,Min,Max,Mean
Junior Officer (ACT),9/04/2015,44894.48779,68812.03982,56267.84295
Junior Officer (ACT),7/10/2015,44890.58358,68806.05565,56262.94967
Junior Officer (ACT),8/10/2015,45563.44654,69838.11613,57106.92993
Junior Officer (ACT),6/04/2016,45561.73537,69835.49329,57104.78522
Junior Officer (ACT),7/04/2016,46244.69092,70882.6918,57961.23231
Junior Officer (ACT),5/10/2016,46239.75467,70875.12565,57955.04542
Junior Officer (ACT),6/10/2016,46933.71938,71938.32812,58824.37574
Junior Officer (ACT),5/04/2017,46928.89462,71930.93288,58818.32862
Junior Officer (ACT),6/04/2017,47632.90234,73010.2091,59700.59927
Junior Officer (ACT),4/10/2017,47629.8887,73005.5899,59696.82214
Junior Officer (ACT),5/10/2017,48701.07568,74648.27889,61040.10477
Junior Officer (ACT),13/06/2018,48693.08327,74636.02826,61030.08739
Junior Officer (ACT),14/06/2018,48936.86508,75009.28762,61335.27587
Junior Officer (ACT),12/12/2018,48933.86503,75004.68921,61331.51573
Junior Officer (ACT),13/12/2018,49594.23152,76016.98149,62159.51692
Junior Officer (ACT),12/06/2019,49589.67071,76009.99077,62153.80057
Junior Officer (ACT),13/06/2019,50259.07716,77036.34659,62992.7892
Junior Officer (ACT),11/12/2019,50254.10686,77028.72819,62986.55962
Junior Officer (ACT),12/12/2019,50932.49654,78068.04944,63836.76202
Junior Officer (ACT),10/06/2020,50938.94441,78077.93258,63844.84352
Junior Officer (ACT),11/06/2020,51626.57061,79131.61861,64706.63664
Junior Officer (ACT),9/12/2020,51616.51297,79116.20257,64694.0308
Junior Officer (ACT),10/12/2020,52313.10437,80183.83758,65567.43141
Junior Officer (ACT),9/06/2021,52307.77485,80175.66865,65560.75156
Junior Officer (ACT),10/06/2021,53014.35199,81258.27823,66445.89058
Junior Officer (ACT),8/12/2021,53003.33917,81241.39822,66432.08759
Junior Officer (ACT),9/12/2021,53718.86445,82337.9306,67328.93159
Junior Officer (ACT),8/06/2022,53698.24225,82306.32179,67303.08461
Junior Officer (ACT),9/06/2022,54423.48682,83417.42059,68211.63069
Junior Officer (ACT),1/12/2022,54406.68,83391.66,68190.56588
Manager (ACT),9/04/2015,112805.9259,131012.2466,122361.9169
Manager (ACT),7/10/2015,112796.1159,131000.8533,122351.2758
Manager (ACT),8/10/2015,114487.8856,132965.8155,124186.4716
Manager (ACT),6/04/2016,114483.5859,132960.8218,124181.8077
Manager (ACT),7/04/2016,116200.5867,134955.052,126044.5057
Manager (ACT),5/10/2016,116188.1833,134940.6467,126031.0514
Manager (ACT),6/10/2016,117931.1879,136964.879,127921.4983
Manager (ACT),5/04/2017,117919.0646,136950.799,127908.348
Manager (ACT),6/04/2017,119688.1875,139005.1664,129826.9207
Manager (ACT),4/10/2017,119680.6151,138996.3718,129818.7069
Manager (ACT),5/10/2017,122373.2493,142123.9546,132739.6891
Manager (ACT),13/06/2018,122353.1665,142100.6304,132717.905
Manager (ACT),14/06/2018,122965.15,142811.745,133381.7301
Manager (ACT),12/12/2018,122957.6117,142802.99,133373.5531
Manager (ACT),13/12/2018,124617.1238,144730.4916,135173.8861
Manager (ACT),12/06/2019,124605.6637,144717.1818,135161.4552
Manager (ACT),13/06/2019,126288.2805,146670.797,136986.3968
Manager (ACT),11/12/2019,126275.7914,146656.2922,136972.8497
Manager (ACT),12/12/2019,127980.3592,148635.8555,138821.7396
Manager (ACT),10/06/2020,127996.5611,148654.6723,138839.3139
Manager (ACT),11/06/2020,129724.7275,150661.9341,140713.8537
Manager (ACT),9/12/2020,129699.4551,150632.5828,140686.4405
Manager (ACT),10/12/2020,131450.5383,152665.74,142585.6378
Manager (ACT),9/06/2021,131437.1465,152650.1868,142571.1116
Manager (ACT),10/06/2021,133211.1705,154711.2895,144495.7508
Manager (ACT),8/12/2021,133183.4982,154679.1509,144465.7343
Manager (ACT),9/12/2021,134981.4071,156767.1102,146415.9954
Manager (ACT),8/06/2022,134929.5889,156706.9287,146359.7876
Manager (ACT),9/06/2022,136750.7808,158822.0567,148335.2707
Manager (ACT),1/12/2022,136708.55,158773.01,148289.4625
Officer (ACT),9/04/2015,70628.42186,74761.07047,72719.70666
Officer (ACT),7/10/2015,70622.27973,74754.56894,72713.38266
Officer (ACT),8/10/2015,71681.65946,75875.66994,73804.12893
Officer (ACT),6/04/2016,71678.96738,75872.82035,73801.35715
Officer (ACT),7/04/2016,72754.4959,77011.0796,74908.5883
Officer (ACT),5/10/2016,72746.72995,77002.85929,74900.59241
Officer (ACT),6/10/2016,73838.25752,78158.11831,76024.15429
Officer (ACT),5/04/2017,73830.66698,78150.08369,76016.33904
Officer (ACT),6/04/2017,74938.26533,79322.41838,77156.64273
Officer (ACT),4/10/2017,74933.52415,79317.39982,77151.76119
Officer (ACT),5/10/2017,76619.70798,81101.69993,78887.50892
Officer (ACT),13/06/2018,76607.13382,81088.39022,78874.56258
Officer (ACT),14/06/2018,76990.50856,81494.01894,79269.06434
Officer (ACT),12/12/2018,76985.78869,81489.02298,79264.20478
Officer (ACT),13/12/2018,78025.38556,82589.29671,80334.47717
Officer (ACT),12/06/2019,78018.21014,82581.70158,80327.08941
Officer (ACT),13/06/2019,79071.86804,83697.04195,81411.75707
Officer (ACT),11/12/2019,79064.04834,83688.76485,81403.70597
Officer (ACT),12/12/2019,80131.67801,84818.06626,82502.67703
Officer (ACT),10/06/2020,80141.8224,84828.80392,82513.12157
Officer (ACT),11/06/2020,81223.82245,85973.4993,83626.80636
Officer (ACT),9/12/2020,81207.99881,85956.75036,83610.51459
Officer (ACT),10/12/2020,82303.94233,87117.39902,84739.14768
Officer (ACT),9/06/2021,82295.55741,87108.52372,84730.51467
Officer (ACT),10/06/2021,83406.47048,88284.13053,85874.11156
Officer (ACT),8/12/2021,83389.14422,88265.79102,85856.27269
Officer (ACT),9/12/2021,84514.98486,89457.32253,87015.46408
Officer (ACT),8/06/2022,84482.5403,89422.98065,86982.05961
Officer (ACT),9/06/2022,85622.93169,90630.03796,88156.12064
Officer (ACT),1/12/2022,85596.49,90602.05,88128.89667
Principal Officer (ACT),9/04/2015,95780.50654,103101.6899,99441.0982
Principal Officer (ACT),7/10/2015,95772.17707,103092.7237,99432.45039
Principal Officer (ACT),8/10/2015,97208.96715,104638.7908,100923.879
Principal Officer (ACT),6/04/2016,97205.31638,104634.861,100920.0887
Principal Officer (ACT),7/04/2016,98663.3,106204.1411,102433.7205
Principal Officer (ACT),5/10/2016,98652.76849,106192.8046,102422.7866
Principal Officer (ACT),6/10/2016,100132.7544,107786.0909,103959.4227
Principal Officer (ACT),5/04/2017,100122.4608,107775.0106,103948.7357
Principal Officer (ACT),6/04/2017,101624.5463,109391.3961,105507.9712
Principal Officer (ACT),4/10/2017,101618.1167,109384.4751,105501.2959
Principal Officer (ACT),5/10/2017,103904.1248,111845.4741,107874.7994
Principal Officer (ACT),13/06/2018,103887.0729,111827.119,107857.0959
Principal Officer (ACT),14/06/2018,104407.0059,112386.5022,108396.7541
Principal Officer (ACT),12/12/2018,104400.6053,112379.6124,108390.1089
Principal Officer (ACT),13/12/2018,105810.331,113896.5339,109853.4325
Principal Officer (ACT),12/06/2019,105800.6004,113886.0597,109843.3301
Principal Officer (ACT),13/06/2019,107229.4091,115423.0654,111326.2373
Principal Officer (ACT),11/12/2019,107218.8048,115411.6508,111315.2278
Principal Officer (ACT),12/12/2019,108666.5753,116969.6218,112818.0985
Principal Officer (ACT),10/06/2020,108680.3321,116984.4297,112832.3809
Principal Officer (ACT),11/06/2020,110147.6051,118563.9475,114355.7763
Principal Officer (ACT),9/12/2020,110126.1467,118540.8495,114333.4981
Principal Officer (ACT),10/12/2020,111613.3541,120141.291,115877.3226
Principal Officer (ACT),9/06/2021,111601.9833,120129.0513,115865.5173
Principal Officer (ACT),10/06/2021,113108.1347,121750.4385,117429.2866
Principal Officer (ACT),8/12/2021,113084.6384,121725.1469,117404.8927
Principal Officer (ACT),9/12/2021,114610.6881,123368.4296,118989.5588
Principal Officer (ACT),8/06/2022,114566.6901,123321.0695,118943.8798
Principal Officer (ACT),9/06/2022,116113.1375,124985.6975,120549.4175
Principal Officer (ACT),1/12/2022,116077.28,124947.1,120512.19
Senior Officer (ACT),9/04/2015,76104.88961,87100.3254,81022.17478
Senior Officer (ACT),7/10/2015,76098.27122,87092.7508,81015.12876
Senior Officer (ACT),8/10/2015,77239.60869,88399.01558,82230.12702
Senior Officer (ACT),6/04/2016,77236.70788,88395.69568,82227.03879
Senior Officer (ACT),7/04/2016,78395.20285,89721.13534,83460.40593
Senior Officer (ACT),5/10/2016,78386.8348,89711.55833,83451.4972
Senior Officer (ACT),6/10/2016,79562.32599,91057.00006,84703.0615
Senior Officer (ACT),5/04/2017,79554.14701,91047.63944,84694.35405
Senior Officer (ACT),6/04/2017,80747.72333,92413.17163,85964.60245
Senior Officer (ACT),4/10/2017,80742.61459,92407.32485,85959.16365
Senior Officer (ACT),5/10/2017,82559.28296,94486.9853,87893.36925
Senior Officer (ACT),13/06/2018,82545.73404,94471.4789,87878.94494
Senior Officer (ACT),14/06/2018,82958.4436,94943.8695,88318.35924
Senior Officer (ACT),12/12/2018,82953.35787,94938.049,88312.94491
Senior Officer (ACT),13/12/2018,84072.84594,96219.34203,89504.8407
Senior Officer (ACT),12/06/2019,84065.11438,96210.49345,89496.6096
Senior Officer (ACT),13/06/2019,85199.66732,97508.85884,90704.77703
Senior Officer (ACT),11/12/2019,85191.24162,97499.21584,90695.80691
Senior Officer (ACT),12/12/2019,86340.76328,98815.55468,91920.14356
Senior Officer (ACT),10/06/2020,86351.69371,98828.06438,91931.78032
Senior Officer (ACT),11/06/2020,87517.62461,100161.857,93172.74337
Senior Officer (ACT),9/12/2020,87500.57485,100142.3439,93154.59191
Senior Officer (ACT),10/12/2020,88681.44387,101494.075,94412.2983
Senior Officer (ACT),9/06/2021,88672.40923,101483.735,94402.67981
Senior Officer (ACT),10/06/2021,89869.24369,102853.4231,95676.94462
Senior Officer (ACT),8/12/2021,89850.5749,102832.0571,95657.06938
Senior Officer (ACT),9/12/2021,91063.3296,104220.6613,96948.45103
Senior Officer (ACT),8/06/2022,91028.37119,104180.6519,96911.23337
Senior Officer (ACT),9/06/2022,92256.64028,105586.6968,98219.29964
Senior Officer (ACT),1/12/2022,92228.15,105554.09,98188.968
Junior Officer (Commonwealth),31/12/2014,47565.6508,62247.00689,56482.43941
Junior Officer (Commonwealth),30/12/2015,47557.80113,62236.73438,56473.11822
Junior Officer (Commonwealth),31/12/2015,48298.42555,62236.73438,56658.27433
Junior Officer (Commonwealth),30/12/2016,48291.26515,62227.50758,56649.87455
Junior Officer (Commonwealth),31/12/2016,48120.25178,63219.85608,57197.61674
Junior Officer (Commonwealth),30/12/2017,48110.69081,63207.29499,57186.2522
Junior Officer (Commonwealth),31/12/2017,48744.85742,65877.47019,58540.80983
Junior Officer (Commonwealth),30/12/2018,48737.91748,65868.09104,58532.47522
Junior Officer (Commonwealth),31/12/2018,50018.20556,64673.76227,58941.79322
Junior Officer (Commonwealth),30/12/2019,50007.2749,64659.62888,58928.91246
Junior Officer (Commonwealth),31/12/2019,49057.83634,67178.12535,60079.44501
Junior Officer (Commonwealth),30/12/2020,49055.31325,67174.67032,60076.35506
Junior Officer (Commonwealth),31/12/2020,52050.89032,67043.17244,60708.43027
Junior Officer (Commonwealth),30/12/2021,52033.69467,67021.0239,60688.37449
Junior Officer (Commonwealth),31/12/2021,53355.60739,68383.34884,61922.85518
Junior Officer (Commonwealth),1/12/2022,53319.92,68337.61,61881.4375
Manager (Commonwealth),31/12/2014,135505.0308,135505.0308,135505.0308
Manager (Commonwealth),30/12/2015,135482.6687,135482.6687,135482.6687
Manager (Commonwealth),31/12/2015,135482.6687,135482.6687,135482.6687
Manager (Commonwealth),30/12/2016,135462.583,135462.583,135462.583
Manager (Commonwealth),31/12/2016,137159.9659,137159.9659,137159.9659
Manager (Commonwealth),30/12/2017,137132.7137,137132.7137,137132.7137
Manager (Commonwealth),31/12/2017,139774.5689,139774.5689,139774.5689
Manager (Commonwealth),30/12/2018,139754.6688,139754.6688,139754.6688
Manager (Commonwealth),31/12/2018,142267.7145,142267.7145,142267.7145
Manager (Commonwealth),30/12/2019,142236.6242,142236.6242,142236.6242
Manager (Commonwealth),31/12/2019,144133.2396,144133.2396,144133.2396
Manager (Commonwealth),30/12/2020,144125.8267,144125.8267,144125.8267
Manager (Commonwealth),31/12/2020,146431.8002,146431.8002,146431.8002
Manager (Commonwealth),30/12/2021,146383.4246,146383.4246,146383.4246
Manager (Commonwealth),31/12/2021,149898.4109,149898.4109,149898.4109
Manager (Commonwealth),1/12/2022,149798.15,149798.15,149798.15
Officer (Commonwealth),31/12/2014,70066.33681,75219.18112,72642.75897
Officer (Commonwealth),30/12/2015,70054.7739,75206.76784,72630.77087
Officer (Commonwealth),31/12/2015,70054.7739,75328.18168,72691.47779
Officer (Commonwealth),30/12/2016,70044.38805,75317.01403,72680.70104
Officer (Commonwealth),31/12/2016,70044.31881,75316.93958,72680.6292
Officer (Commonwealth),30/12/2017,70030.40177,75301.97493,72666.18835
Officer (Commonwealth),31/12/2017,72132.15331,77436.09223,74784.12277
Officer (Commonwealth),30/12/2018,72121.88366,77425.06745,74773.47555
Officer (Commonwealth),31/12/2018,73349.58487,78973.34631,76161.46559
Officer (Commonwealth),30/12/2019,73333.55552,78956.08798,76144.82175
Officer (Commonwealth),31/12/2019,74066.50438,79745.65087,76906.07763
Officer (Commonwealth),30/12/2020,74062.69507,79741.54948,76902.12227
Officer (Commonwealth),31/12/2020,74281.00019,80602.85198,77441.92608
Officer (Commonwealth),30/12/2021,74256.46054,80576.22383,77416.34218
Officer (Commonwealth),31/12/2021,76915.47563,82935.06188,79925.26876
Officer (Commonwealth),1/12/2022,76864.03,82879.59,79871.81
Principal Officer (Commonwealth),31/12/2014,109303.6473,109303.6473,109303.6473
Principal Officer (Commonwealth),30/12/2015,109285.6092,109285.6092,109285.6092
Principal Officer (Commonwealth),31/12/2015,109658.9567,109658.9567,109658.9567
Principal Officer (Commonwealth),30/12/2016,109642.6994,109642.6994,109642.6994
Principal Officer (Commonwealth),31/12/2016,110061.4063,110061.4063,110061.4063
Principal Officer (Commonwealth),30/12/2017,110039.5383,110039.5383,110039.5383
Principal Officer (Commonwealth),31/12/2017,112908.9652,112908.9652,112908.9652
Principal Officer (Commonwealth),30/12/2018,112892.89,112892.89,112892.89
Principal Officer (Commonwealth),31/12/2018,115151.0917,115151.0917,115151.0917
Principal Officer (Commonwealth),30/12/2019,115125.9273,115125.9273,115125.9273
Principal Officer (Commonwealth),31/12/2019,116277.4153,116277.4153,116277.4153
Principal Officer (Commonwealth),30/12/2020,116271.4351,116271.4351,116271.4351
Principal Officer (Commonwealth),31/12/2020,117036.6554,117036.6554,117036.6554
Principal Officer (Commonwealth),30/12/2021,116997.9909,116997.9909,116997.9909
Principal Officer (Commonwealth),31/12/2021,120928.3941,120928.3941,120928.3941
Principal Officer (Commonwealth),1/12/2022,120847.51,120847.51,120847.51
Senior Officer (Commonwealth),31/12/2014,87881.69896,87881.69896,87881.69896
Senior Officer (Commonwealth),30/12/2015,87867.19601,87867.19601,87867.19601
Senior Officer (Commonwealth),31/12/2015,87947.12679,87947.12679,87947.12679
Senior Officer (Commonwealth),30/12/2016,87934.08834,87934.08834,87934.08834
Senior Officer (Commonwealth),31/12/2016,88277.95595,88277.95595,88277.95595
Senior Officer (Commonwealth),30/12/2017,88260.41609,88260.41609,88260.41609
Senior Officer (Commonwealth),31/12/2017,90471.40207,90471.40207,90471.40207
Senior Officer (Commonwealth),30/12/2018,90458.52141,90458.52141,90458.52141
Senior Officer (Commonwealth),31/12/2018,92267.71207,92267.71207,92267.71207
Senior Officer (Commonwealth),30/12/2019,92247.54847,92247.54847,92247.54847
Senior Officer (Commonwealth),31/12/2019,93169.5476,93169.5476,93169.5476
Senior Officer (Commonwealth),30/12/2020,93164.7558,93164.7558,93164.7558
Senior Officer (Commonwealth),31/12/2020,94137.25623,94137.25623,94137.25623
Senior Officer (Commonwealth),30/12/2021,94106.15682,94106.15682,94106.15682
Senior Officer (Commonwealth),31/12/2021,96896.54015,96896.54015,96896.54015
Senior Officer (Commonwealth),1/12/2022,96831.73,96831.73,96831.73
Economist (National),16/05/2014,88238.247,88238.247,88238.247
Economist (National),20/05/2016,121183.9963,121183.9963,121183.9963
Economist (National),18/05/2018,129373.2727,129373.2727,129373.2727
Economist (National),21/05/2021,96361.8505,96361.8505,96361.8505
Management Consultant - Contract (National),16/05/2014,105489.854,105489.854,105489.854
Management Consultant - Contract (National),20/05/2016,114901.7504,114901.7504,114901.7504
Management Consultant - Contract (National),18/05/2018,118249.1554,118249.1554,118249.1554
Management Consultant - Contract (National),21/05/2021,124645.8576,124645.8576,124645.8576
Policy Officer - Agreement (National),16/05/2014,90915.49363,90915.49363,90915.49363
Policy Officer - Agreement (National),20/05/2016,90279.56964,90279.56964,90279.56964
Policy Officer - Agreement (National),18/05/2018,94233.0939,94233.0939,94233.0939
Policy Officer - Agreement (National),21/05/2021,110224.2844,110224.2844,110224.2844
Regulatory Officer - Agreement (National),16/05/2014,76224.96083,76224.96083,76224.96083
Regulatory Officer - Agreement (National),20/05/2016,70899.63279,70899.63279,70899.63279
Regulatory Officer - Agreement (National),18/05/2018,75742.15135,75742.15135,75742.15135
Regulatory Officer - Agreement (National),21/05/2021,83770.66716,83770.66716,83770.66716
University Lecturer or Tutor (National),16/05/2014,77608.46895,77608.46895,77608.46895
University Lecturer or Tutor (National),20/05/2016,81130.71904,81130.71904,81130.71904
University Lecturer or Tutor (National),18/05/2018,93520.68601,93520.68601,93520.68601
University Lecturer or Tutor (National),21/05/2021,93713.85132,93713.85132,93713.85132
Junior Officer (NSW),1/07/2015,59381.67802,72689.35824,65734.6231
Junior Officer (NSW),30/06/2016,59375.22245,72681.45595,65727.47688
Junior Officer (NSW),1/07/2016,60859.3658,74498.44401,67370.45494
Junior Officer (NSW),30/06/2017,60848.59824,74485.26335,67358.5354
Junior Officer (NSW),1/07/2017,62369.96493,76347.52137,69042.50827
Junior Officer (NSW),30/06/2018,62357.63333,76332.42617,69028.85739
Junior Officer (NSW),1/07/2018,63916.18225,78240.91532,70754.66459
Junior Officer (NSW),30/06/2019,63906.38641,78228.92406,70743.82067
Junior Officer (NSW),1/07/2019,65504.07135,80184.57132,72512.39723
Junior Officer (NSW),30/06/2020,65505.88516,80186.79164,72514.4051
Junior Officer (NSW),1/07/2020,65702.06203,80427.46224,72731.94402
Junior Officer (NSW),30/06/2021,65680.94581,80401.61336,72708.56844
Junior Officer (NSW),1/07/2021,67020.31671,82042.21641,74191.60584
Junior Officer (NSW),30/06/2022,66977.88599,81990.27529,74144.63496
Junior Officer (NSW),1/07/2022,68671.8797,84064.07917,76020.32647
Junior Officer (NSW),1/12/2022,68654.75,84043.11,76001.36375
Manager (NSW),1/07/2015,117415.5892,135790.5491,126414.6145
Manager (NSW),30/06/2016,117402.8245,135775.7869,126400.8715
Manager (NSW),1/07/2016,120337.7256,139169.9934,129560.6198
Manager (NSW),30/06/2017,120316.4348,139145.3707,129537.6973
Manager (NSW),1/07/2017,123324.7756,142624.0808,132776.4179
Manager (NSW),30/06/2018,123300.3922,142595.8816,132750.1657
Manager (NSW),1/07/2018,126383.1028,146161.0243,136069.0355
Manager (NSW),30/06/2019,126363.7332,146138.6236,136048.1814
Manager (NSW),1/07/2019,129522.7002,149792.0639,139449.5819
Manager (NSW),30/06/2020,129526.2867,149796.2116,139453.4432
Manager (NSW),1/07/2020,129914.5955,150245.1937,139871.8359
Manager (NSW),30/06/2021,129872.8418,150196.9059,139826.882
Manager (NSW),1/07/2021,132522.2691,153260.7801,142679.2366
Manager (NSW),30/06/2022,132438.369,153163.7503,142588.9061
Manager (NSW),1/07/2022,135788.9816,157038.6221,146196.0926
Manager (NSW),1/12/2022,135755.11,156999.45,146159.625
Officer (NSW),1/07/2015,78364.75198,98579.23156,88071.05136
Officer (NSW),30/06/2016,78356.2327,98568.5147,88061.47688
Officer (NSW),1/07/2016,80314.85678,101032.9818,90262.90561
Officer (NSW),30/06/2017,80300.64705,101015.1065,90246.93581
Officer (NSW),1/07/2017,82308.56784,103540.9394,92503.1914
Officer (NSW),30/06/2018,82292.29404,103520.4676,92484.90195
Officer (NSW),1/07/2018,84349.45724,106108.6095,94797.18776
Officer (NSW),30/06/2019,84336.52978,106092.3472,94782.65907
Officer (NSW),1/07/2019,86444.86718,108744.7064,97152.26346
Officer (NSW),30/06/2020,86447.26085,108747.7176,97154.95361
Officer (NSW),1/07/2020,86706.13342,109074.3419,97446.43807
Officer (NSW),30/06/2021,86678.26662,109039.2861,97415.1194
Officer (NSW),1/07/2021,88446.23624,111263.1473,99402.18988
Officer (NSW),30/06/2022,88390.24072,111192.7063,99339.25812
Officer (NSW),1/07/2022,90626.67616,114005.9279,101852.3438
Officer (NSW),1/12/2022,90604.07,113977.49,101826.9375
Principal Officer (NSW),1/07/2015,117415.5892,135790.5491,126414.6145
Principal Officer (NSW),30/06/2016,117402.8245,135775.7869,126400.8715
Principal Officer (NSW),1/07/2016,120337.7256,139169.9934,129560.6198
Principal Officer (NSW),30/06/2017,120316.4348,139145.3707,129537.6973
Principal Officer (NSW),1/07/2017,123324.7756,142624.0808,132776.4179
Principal Officer (NSW),30/06/2018,123300.3922,142595.8816,132750.1657
Principal Officer (NSW),1/07/2018,126383.1028,146161.0243,136069.0355
Principal Officer (NSW),30/06/2019,126363.7332,146138.6236,136048.1814
Principal Officer (NSW),1/07/2019,129522.7002,149792.0639,139449.5819
Principal Officer (NSW),30/06/2020,129526.2867,149796.2116,139453.4432
Principal Officer (NSW),1/07/2020,129914.5955,150245.1937,139871.8359
Principal Officer (NSW),30/06/2021,129872.8418,150196.9059,139826.882
Principal Officer (NSW),1/07/2021,132522.2691,153260.7801,142679.2366
Principal Officer (NSW),30/06/2022,132438.369,153163.7503,142588.9061
Principal Officer (NSW),1/07/2022,135788.9816,157038.6221,146196.0926
Principal Officer (NSW),1/12/2022,135755.11,156999.45,146159.625
Senior Officer (NSW),1/07/2015,101517.6062,111868.6987,106597.7868
Senior Officer (NSW),30/06/2016,101506.5699,111856.5371,106586.1982
Senior Officer (NSW),1/07/2016,104043.8784,114652.8372,109250.7262
Senior Officer (NSW),30/06/2017,104025.4704,114632.5522,109231.397
Senior Officer (NSW),1/07/2017,106626.1577,117498.2649,111962.0681
Senior Officer (NSW),30/06/2018,106605.0759,117475.0335,111939.9313
Senior Officer (NSW),1/07/2018,109270.0833,120412.1042,114738.4419
Senior Officer (NSW),30/06/2019,109253.3365,120393.6498,114720.857
Senior Officer (NSW),1/07/2019,111984.5688,123403.9713,117588.8532
Senior Officer (NSW),30/06/2020,111987.6696,123407.3884,117592.1092
Senior Officer (NSW),1/07/2020,112323.395,123777.4953,117945.0254
Senior Officer (NSW),30/06/2021,112287.295,123737.714,117907.1186
Senior Officer (NSW),1/07/2021,114577.872,126261.7964,120312.4266
Senior Officer (NSW),30/06/2022,114505.3325,126181.8598,120236.2565
Senior Officer (NSW),1/07/2022,117402.3952,129373.8814,123278.0208
Senior Officer (NSW),1/12/2022,117373.11,129341.61,123247.27
Junior Officer (NT),14/08/2014,44232.50269,58543.88143,50301.53116
Junior Officer (NT),12/08/2015,44226.16489,58535.49303,50294.32376
Junior Officer (NT),13/08/2015,45552.67664,60292.03338,51803.03273
Junior Officer (NT),10/08/2016,45547.00412,60284.52542,51796.58187
Junior Officer (NT),11/08/2016,46913.77256,62093.39438,53350.37466
Junior Officer (NT),9/08/2017,46905.704,62082.71513,53341.19909
Junior Officer (NT),10/08/2017,48078.06843,63634.40368,54674.59926
Junior Officer (NT),22/08/2018,48067.75442,63620.75243,54662.87012
Junior Officer (NT),23/08/2018,49269.19545,65211.54935,56029.49244
Junior Officer (NT),21/08/2019,49261.35185,65201.16775,56020.57261
Junior Officer (NT),22/08/2019,50492.93621,66831.14638,57421.22174
Junior Officer (NT),19/08/2020,50488.54184,66825.33011,57416.22441
Junior Officer (NT),20/08/2020,51750.24859,68495.474,58851.61808
Junior Officer (NT),9/08/2021,51740.21653,68482.19578,58840.20938
Junior Officer (NT),10/08/2021,55783.62934,72525.59204,62883.61517
Junior Officer (NT),9/08/2022,55746.38014,72477.16349,62841.625
Junior Officer (NT),10/08/2022,53725.99814,70456.78149,60821.243
Junior Officer (NT),1/12/2022,53715.84,70443.46,60809.74333
Manager (NT),14/08/2014,123181.8883,134258.9886,128680.9714
Manager (NT),12/08/2015,123164.2384,134239.7514,128662.5335
Manager (NT),13/08/2015,126859.4488,138266.8428,132522.3353
Manager (NT),10/08/2016,126843.6515,138249.6249,132505.8327
Manager (NT),11/08/2016,130648.5486,142397.4788,136481.0279
Manager (NT),9/08/2017,130626.0787,142372.9883,136457.555
Manager (NT),10/08/2017,133891.3008,145932.5658,139868.7747
Manager (NT),22/08/2018,133862.5776,145901.2595,139838.7691
Manager (NT),23/08/2018,137209.0156,149549.0691,143334.8816
Manager (NT),21/08/2019,137187.1721,149525.261,143312.0629
Manager (NT),22/08/2019,140617.0031,153263.4937,146894.915
Manager (NT),19/08/2020,140604.7653,153250.1552,146882.1309
Manager (NT),20/08/2020,144119.9532,157080.7698,150554.0211
Manager (NT),9/08/2021,144092.0148,157050.3189,150524.8354
Manager (NT),10/08/2021,148135.3362,161093.6275,154568.1505
Manager (NT),9/08/2022,148036.4197,160986.0581,154464.9385
Manager (NT),10/08/2022,146016.0377,158965.6761,152444.5565
Manager (NT),1/12/2022,145988.43,158935.62,152415.7333
Officer (NT),14/08/2014,61435.09972,76641.06612,68691.42457
Officer (NT),12/08/2015,61426.29706,76630.08469,68681.5822
Officer (NT),13/08/2015,63268.84313,78928.96699,70742.12185
Officer (NT),10/08/2016,63260.96447,78919.13824,70733.31258
Officer (NT),11/08/2016,65158.86053,81286.44993,72855.12528
Officer (NT),9/08/2017,65147.65406,81272.46973,72842.59516
Officer (NT),10/08/2017,66776.21897,83304.63551,74663.68813
Officer (NT),22/08/2018,66761.89371,83286.76447,74647.67081
Officer (NT),23/08/2018,68430.56181,85369.06,76513.99461
Officer (NT),21/08/2019,68419.66775,85355.46934,76501.81367
Officer (NT),22/08/2019,70130.53862,87489.00217,78414.46575
Officer (NT),19/08/2020,70124.43521,87481.38806,78407.64139
Officer (NT),20/08/2020,71877.47973,89668.14428,80367.82511
Officer (NT),9/08/2021,71863.5459,89650.76163,80352.24537
Officer (NT),10/08/2021,75906.93881,93694.13694,84395.62988
Officer (NT),9/08/2022,75856.25238,93631.57322,84339.27518
Officer (NT),10/08/2022,73835.87038,91611.19122,82318.89318
Officer (NT),1/12/2022,73821.91,91593.87,82303.32889
Principal Officer (NT),14/08/2014,106777.7412,119285.7769,112907.9605
Principal Officer (NT),12/08/2015,106762.4416,119268.6852,112891.7826
Principal Officer (NT),13/08/2015,109964.8899,122846.5231,116278.3843
Principal Officer (NT),10/08/2016,109951.1964,122831.2255,116263.9046
Principal Officer (NT),11/08/2016,113249.246,126515.7337,119751.474
Principal Officer (NT),9/08/2017,113229.7686,126493.9746,119730.8783
Principal Officer (NT),10/08/2017,116060.0323,129656.0205,122723.9986
Principal Officer (NT),22/08/2018,116035.1344,129628.2059,122697.6711
Principal Officer (NT),23/08/2018,118935.583,132868.4559,125764.9864
Principal Officer (NT),21/08/2019,118916.6486,132847.3034,125744.9648
Principal Officer (NT),22/08/2019,121889.4384,136168.9411,128888.6395
Principal Officer (NT),19/08/2020,121878.8304,136157.0904,128877.4224
Principal Officer (NT),20/08/2020,124925.9332,139561.0701,132099.4252
Principal Officer (NT),9/08/2021,124901.7157,139534.0155,132073.817
Principal Officer (NT),10/08/2021,128945.0561,143577.3414,136117.1504
Principal Officer (NT),9/08/2022,128858.9538,143481.4685,136026.2589
Principal Officer (NT),10/08/2022,126838.5718,141461.0865,134005.8769
Principal Officer (NT),1/12/2022,126814.59,141434.34,133980.54
Senior Officer (NT),14/08/2014,80039.28488,101812.982,90529.43847
Senior Officer (NT),12/08/2015,80027.81654,101798.3939,90516.46706
Senior Officer (NT),13/08/2015,82428.89388,104852.1028,93231.93505
Senior Officer (NT),10/08/2016,82418.62929,104839.046,93220.32519
Senior Officer (NT),11/08/2016,84891.15485,107984.3332,96016.87473
Senior Officer (NT),9/08/2017,84876.55468,107965.7613,96000.36109
Senior Officer (NT),10/08/2017,86998.74672,110664.526,98400.29064
Senior Officer (NT),22/08/2018,86980.0832,110640.7855,98379.18119
Senior Officer (NT),23/08/2018,89154.4083,113406.7293,100838.6968
Senior Officer (NT),21/08/2019,89140.21502,113388.6751,100822.6434
Senior Officer (NT),22/08/2019,91368.79623,116222.937,103343.3034
Senior Officer (NT),19/08/2020,91360.84447,116212.8222,103334.3095
Senior Officer (NT),20/08/2020,93644.65506,119118.3873,105917.5155
Senior Officer (NT),9/08/2021,93626.50154,119095.2956,105896.9828
Senior Officer (NT),10/08/2021,97669.87292,123138.6418,109940.3421
Senior Officer (NT),9/08/2022,97604.65442,123056.4167,109866.93
Senior Officer (NT),10/08/2022,95584.27242,121036.0347,107846.548
Senior Officer (NT),1/12/2022,95566.2,121013.15,107826.1571
Specialist (NT),14/08/2014,136836.494,146546.4133,141691.4537
Specialist (NT),12/08/2015,136816.8875,146525.4156,141671.1516
Specialist (NT),13/08/2015,140921.89,150920.8138,145921.3519
Specialist (NT),10/08/2016,140904.3414,150902.0201,145903.1808
Specialist (NT),11/08/2016,145131.1057,155429.2509,150280.1783
Specialist (NT),9/08/2017,145106.145,155402.5191,150254.332
Specialist (NT),10/08/2017,148733.4952,159287.8096,154010.6524
Specialist (NT),22/08/2018,148701.5879,159253.6382,153977.6131
Specialist (NT),23/08/2018,152419.1782,163235.1814,157827.1798
Specialist (NT),21/08/2019,152394.9132,163209.1946,157802.0539
Specialist (NT),22/08/2019,156204.9377,167289.1969,161747.0673
Specialist (NT),19/08/2020,156191.3433,167274.6379,161732.9906
Specialist (NT),20/08/2020,160095.7597,171456.0635,165775.9116
Specialist (NT),9/08/2021,160064.7242,171422.8259,165743.7751
Specialist (NT),10/08/2021,164108.0299,175466.1203,169787.0751
Specialist (NT),9/08/2022,163998.4477,175348.9538,169673.7007
Specialist (NT),10/08/2022,161978.0657,173328.5718,167653.3187
Specialist (NT),1/12/2022,161947.44,173295.8,167621.62
Junior Officer (Queensland),1/09/2015,36228.57315,62972.25188,49470.25745
Junior Officer (Queensland),1/06/2016,36225.60134,62967.08629,49466.19942
Junior Officer (Queensland),2/06/2016,37540.83533,64282.29386,50781.42033
Junior Officer (Queensland),31/08/2016,37538.94298,64279.05352,50778.86055
Junior Officer (Queensland),1/09/2016,37129.2065,64537.03575,50699.88089
Junior Officer (Queensland),31/08/2017,37122.8574,64525.9999,50691.2112
Junior Officer (Queensland),1/09/2017,38051.4346,66138.36597,51958.37853
Junior Officer (Queensland),31/08/2019,38037.55355,66114.23891,51939.42428
Junior Officer (Queensland),1/09/2019,39754.49135,70018.30064,55070.76289
Junior Officer (Queensland),29/06/2020,39757.16484,70023.00937,55074.4664
Junior Officer (Queensland),30/06/2020,41021.19109,71287.03562,56338.49265
Junior Officer (Queensland),31/08/2020,41014.2543,71274.9808,56328.96567
Junior Officer (Queensland),1/09/2020,40463.19203,71271.87716,56064.48694
Junior Officer (Queensland),31/08/2021,40454.86766,71257.21461,56052.95296
Junior Officer (Queensland),1/09/2021,41467.6483,73040.19362,57455.14531
Junior Officer (Queensland),28/02/2022,41454.68503,73017.36041,57437.18417
Junior Officer (Queensland),1/03/2022,42490.34496,74841.13224,58872.82783
Junior Officer (Queensland),31/08/2022,42475.79635,74815.50679,58852.6699
Junior Officer (Queensland),1/09/2022,43537.44613,76687.2833,60324.23166
Junior Officer (Queensland),1/12/2022,43529.99,76674.15,60313.90067
Manager (Queensland),1/09/2015,110070.9147,116415.0888,113245.0254
Manager (Queensland),1/06/2016,110061.8856,116405.5393,113235.736
Manager (Queensland),2/06/2016,111377.0467,117720.6941,114550.8939
Manager (Queensland),31/08/2016,111371.4324,117714.76,114545.1196
Manager (Queensland),1/09/2016,112807.0276,119310.203,116060.8916
Manager (Queensland),31/08/2017,112787.7376,119289.801,116041.0452
Manager (Queensland),1/09/2017,115605.8379,122271.7678,118941.0788
Manager (Queensland),31/08/2019,115563.6652,122227.1635,118897.6894
Manager (Queensland),1/09/2019,120528.4264,127355.7315,123955.224
Manager (Queensland),29/06/2020,120536.532,127364.2962,123963.5599
Manager (Queensland),30/06/2020,121800.5582,128628.3224,125227.5862
Manager (Queensland),31/08/2020,121779.9615,128606.5711,125206.4099
Manager (Queensland),1/09/2020,122707.984,129672.0895,126203.1804
Manager (Queensland),31/08/2021,122682.7396,129645.4125,126177.217
Manager (Queensland),1/09/2021,125750.3933,132885.9058,129332.0486
Manager (Queensland),28/02/2022,125711.0822,132844.3641,129291.6179
Manager (Queensland),1/03/2022,128852.4157,136166.5595,132523.1296
Manager (Queensland),31/08/2022,128808.2969,136119.9363,132477.754
Manager (Queensland),1/09/2022,132028.6009,139522.0642,135789.7275
Manager (Queensland),1/12/2022,132005.99,139498.17,135766.4725
Officer (Queensland),1/09/2015,66773.69719,84109.38058,75420.54341
Officer (Queensland),1/06/2016,66768.21977,84102.48112,75414.3567
Officer (Queensland),2/06/2016,68083.42358,85417.6678,76729.55196
Officer (Queensland),31/08/2016,68079.99164,85413.36207,76725.68418
Officer (Queensland),1/09/2016,68433.07319,86201.47248,77295.26847
Officer (Queensland),31/08/2017,68421.37112,86186.73201,77282.05096
Officer (Queensland),1/09/2017,70130.8433,88340.26235,79214.31086
Officer (Queensland),31/08/2019,70105.2598,88308.0361,79185.41374
Officer (Queensland),1/09/2019,74104.36991,92663.07207,83367.28976
Officer (Queensland),29/06/2020,74109.35343,92669.30366,83372.8962
Officer (Queensland),30/06/2020,75373.37968,93933.32991,84636.92245
Officer (Queensland),31/08/2020,75360.63385,93917.44555,84622.61014
Officer (Queensland),1/09/2020,75439.42114,94352.10373,84876.17336
Officer (Queensland),31/08/2021,75423.90122,94332.69296,84858.71204
Officer (Queensland),1/09/2021,77309.97756,96690.79371,86980.42156
Officer (Queensland),28/02/2022,77285.80956,96660.56704,86953.23047
Officer (Queensland),1/03/2022,79217.69436,99077.44392,89126.72717
Officer (Queensland),31/08/2022,79190.57038,99043.52,89096.21035
Officer (Queensland),1/09/2022,81169.4209,101521.3763,91323.93244
Officer (Queensland),1/12/2022,81155.52,101503.99,91308.2925
Principal Officer (Queensland),1/09/2015,99345.51672,106528.4979,102939.7898
Principal Officer (Queensland),1/06/2016,99337.36745,106519.7594,102931.3457
Principal Officer (Queensland),2/06/2016,100652.5391,107834.9239,104246.5138
Principal Officer (Queensland),31/08/2016,100647.4654,107829.4882,104241.2589
Principal Officer (Queensland),1/09/2016,101815.9731,109178.0776,105499.5546
Principal Officer (Queensland),31/08/2017,101798.5626,109159.4082,105481.5142
Principal Officer (Queensland),1/09/2017,104342.5404,111887.483,108118.552
Principal Officer (Queensland),31/08/2019,104304.4766,111846.6668,108079.1107
Principal Officer (Queensland),1/09/2019,109007.3492,116731.5469,112882.593
Principal Officer (Queensland),29/06/2020,109014.6799,116739.3971,112890.1844
Principal Officer (Queensland),30/06/2020,110278.7062,118003.4234,114154.2106
Principal Officer (Queensland),31/08/2020,110260.0578,117983.4687,114134.9069
Principal Officer (Queensland),1/09/2020,110970.7161,118830.6111,114920.3791
Principal Officer (Queensland),31/08/2021,110947.8865,118806.1644,114896.7368
Principal Officer (Queensland),1/09/2021,113721.4092,121775.7743,117769.0612
Principal Officer (Queensland),28/02/2022,113685.8585,121737.7058,117732.2453
Principal Officer (Queensland),1/03/2022,116528.1138,124780.0201,120675.0353
Principal Officer (Queensland),31/08/2022,116488.2148,124737.2957,120633.7164
Principal Officer (Queensland),1/09/2022,119400.4283,127854.5661,123649.721
Principal Officer (Queensland),1/12/2022,119379.98,127832.67,123628.545
Senior Officer (Queensland),1/09/2015,88784.03518,94992.62406,91892.37694
Senior Officer (Queensland),1/06/2016,88776.75226,94984.83185,91884.83905
Senior Officer (Queensland),2/06/2016,90091.93432,96300.00777,93200.01803
Senior Officer (Queensland),31/08/2016,90087.39297,96295.15349,93195.32001
Senior Officer (Queensland),1/09/2016,90991.8483,97355.40985,94177.92878
Senior Officer (Queensland),31/08/2017,90976.28868,97338.76206,94161.82434
Senior Officer (Queensland),1/09/2017,93251.20166,99772.48399,96515.88891
Senior Officer (Queensland),31/08/2019,93217.18392,99736.08731,96480.68022
Senior Officer (Queensland),1/09/2019,97724.90399,104368.1792,101046.5416
Senior Officer (Queensland),29/06/2020,97731.47599,104375.198,101053.337
Senior Officer (Queensland),30/06/2020,98995.50224,105639.2242,102317.3632
Senior Officer (Queensland),31/08/2020,98978.76185,105621.3604,102300.0611
Senior Officer (Queensland),1/09/2020,99496.32104,106249.1173,102872.4664
Senior Officer (Queensland),31/08/2021,99475.85197,106227.259,102851.3028
Senior Officer (Queensland),1/09/2021,101962.3191,108882.5229,105422.1683
Senior Officer (Queensland),28/02/2022,101930.4445,108848.4849,105389.2121
Senior Officer (Queensland),1/03/2022,104479.6838,111568.4816,108023.3249
Senior Officer (Queensland),31/08/2022,104443.9102,111530.2808,107986.3379
Senior Officer (Queensland),1/09/2022,107055.104,114318.2479,110686.1709
Senior Officer (Queensland),1/12/2022,107036.77,114298.67,110667.215
Junior Officer (SA),1/10/2014,40676.01357,61035.77764,49164.47709
Junior Officer (SA),30/09/2015,40670.38627,61027.33368,49157.67546
Junior Officer (SA),1/10/2015,41687.2724,62553.16879,50386.53935
Junior Officer (SA),30/09/2016,41681.216,62544.08096,50379.21911
Junior Officer (SA),1/10/2016,42723.2464,64108.13824,51638.6764
Junior Officer (SA),30/09/2017,42716.0673,64097.36568,51629.99918
Junior Officer (SA),1/10/2017,44233.3323,65614.63068,53147.26418
Junior Officer (SA),30/09/2018,44223.97408,65600.74893,53136.02008
Junior Officer (SA),1/10/2018,45740.91808,67117.69293,54652.96408
Junior Officer (SA),30/09/2019,45733.68128,67107.07405,54644.31728
Junior Officer (SA),1/10/2019,47250.33855,68623.71018,56160.96574
Junior Officer (SA),31/07/2021,47238.28221,68606.20024,56146.63577
Junior Officer (SA),1/08/2021,47946.85956,69635.20414,56988.89266
Junior Officer (SA),8/12/2021,47938.70142,69623.35574,56979.19603
Junior Officer (SA),9/12/2021,48949.35699,70633.98986,57989.84265
Junior Officer (SA),31/07/2022,48924.9962,70598.8372,57960.98265
Junior Officer (SA),1/08/2022,48633.00026,70632.10388,57804.76535
Junior Officer (SA),1/12/2022,48623.42,70618.19,57793.37833
Manager (SA),1/10/2014,91316.86618,110832.6498,101658.8316
Manager (SA),30/09/2015,91304.233,110817.3167,101644.7677
Manager (SA),1/10/2015,93586.91471,113587.699,104185.8025
Manager (SA),30/09/2016,93573.31824,113571.1968,104170.6662
Manager (SA),1/10/2016,95912.3224,116410.9826,106775.0678
Manager (SA),30/09/2017,95896.20555,116391.4212,106757.1256
Manager (SA),1/10/2017,97716.92355,118212.1392,108577.8436
Manager (SA),30/09/2018,97696.25008,118187.1296,108554.8723
Manager (SA),1/10/2018,99516.58288,120007.4624,110375.2051
Manager (SA),30/09/2019,99500.83808,119988.4757,110357.7424
Manager (SA),1/10/2019,101320.7827,121808.4,112177.6762
Manager (SA),31/07/2021,101294.9298,121777.3196,112149.0531
Manager (SA),1/08/2021,102814.1762,123603.852,113831.0398
Manager (SA),8/12/2021,102796.6824,123582.8209,113811.6715
Manager (SA),9/12/2021,103807.2837,124593.4016,114822.2619
Manager (SA),31/07/2022,103755.6216,124531.3948,114765.1179
Manager (SA),1/08/2022,104286.8836,125373.7775,115461.3682
Manager (SA),1/12/2022,104266.34,125349.08,115438.6233
Officer (SA),1/10/2016,68424.9768,71946.63488,70491.83904
Officer (SA),30/09/2017,68413.47885,71934.54516,70479.99378
Officer (SA),1/10/2017,69930.74385,73451.81016,71997.25878
Officer (SA),30/09/2018,69915.94896,73436.27034,71982.02669
Officer (SA),1/10/2018,71432.89296,74953.21434,73498.97069
Officer (SA),30/09/2019,71421.59136,74941.35578,73487.34221
Officer (SA),1/10/2019,72938.22323,76457.98416,75003.97203
Officer (SA),31/07/2021,72919.6124,76438.47523,74984.83411
Officer (SA),1/08/2021,74013.30809,77584.733,76109.35948
Officer (SA),8/12/2021,74000.71477,77571.532,76096.40951
Officer (SA),9/12/2021,75011.34455,78582.15825,77107.03722
Officer (SA),31/07/2022,74974.0134,78543.05,77068.6631
Officer (SA),1/08/2022,75072.93869,78695.5123,77199.40758
Officer (SA),1/12/2022,75058.15,78680.01,77184.2
Principal Officer (SA),1/10/2014,92909.70224,108855.2663,101129.621
Principal Officer (SA),30/09/2015,92896.8487,108840.2067,101115.6303
Principal Officer (SA),1/10/2015,95218.99166,111561.0095,103643.6078
Principal Officer (SA),30/09/2016,95205.15808,111544.8018,103628.5503
Principal Officer (SA),1/10/2016,97585.64112,114332.9918,106219.1737
Principal Officer (SA),30/09/2017,97569.24309,114313.7796,106201.3249
Principal Officer (SA),1/10/2017,99389.96109,116134.4976,108022.0429
Principal Officer (SA),30/09/2018,99368.93366,116109.9276,107999.1893
Principal Officer (SA),1/10/2018,101189.2665,117930.2604,109819.5221
Principal Officer (SA),30/09/2019,101173.257,117911.6024,109802.1472
Principal Officer (SA),1/10/2019,102993.2,119731.5288,111622.0816
Principal Officer (SA),31/07/2021,102966.9203,119700.9782,111593.6003
Principal Officer (SA),1/08/2021,104511.437,121496.1756,113267.5005
Principal Officer (SA),8/12/2021,104493.6544,121475.5031,113248.2281
Principal Officer (SA),9/12/2021,105504.2541,122486.0859,114258.8191
Principal Officer (SA),31/07/2022,105451.7474,122425.1278,114201.9555
Principal Officer (SA),1/08/2022,106008.2627,123236.1964,114889.4993
Principal Officer (SA),1/12/2022,105987.38,123211.92,114866.8671
Senior Officer (SA),1/10/2014,72654.17077,89330.37496,81162.3556
Senior Officer (SA),30/09/2015,72644.11947,89318.0166,81151.12724
Senior Officer (SA),1/10/2015,74460.34893,91551.11879,83179.98492
Senior Officer (SA),30/09/2016,74449.5312,91537.81808,83167.90039
Senior Officer (SA),1/10/2016,76311.0224,93826.23824,85247.19184
Senior Officer (SA),30/09/2017,76298.1993,93810.47193,85232.86713
Senior Officer (SA),1/10/2017,78118.9173,95631.18993,87053.58513
Senior Officer (SA),30/09/2018,78102.39008,95610.95773,87035.16765
Senior Officer (SA),1/10/2018,79922.72288,97431.29053,88855.50045
Senior Officer (SA),30/09/2019,79910.07808,97415.87565,88841.44237
Senior Officer (SA),1/10/2019,81730.04205,99235.82231,90661.39751
Senior Officer (SA),31/07/2021,81709.18791,99210.50141,90638.26445
Senior Officer (SA),1/08/2021,82934.28879,100698.4127,91997.6586
Senior Officer (SA),8/12/2021,82920.17757,100681.279,91982.00525
Senior Officer (SA),9/12/2021,83930.79853,101691.8823,92992.61724
Senior Officer (SA),31/07/2022,83889.0284,101641.273,92946.33729
Senior Officer (SA),1/08/2022,84122.30133,102140.2107,93314.96791
Senior Officer (SA),1/12/2022,84105.73,102120.09,93296.58571
Junior Officer (Tasmania),1/12/2014,39983.35401,62726.03068,53102.9458
Junior Officer (Tasmania),30/11/2015,39977.11127,62716.23705,53094.65465
Junior Officer (Tasmania),1/12/2015,40988.90827,63970.86533,54190.70062
Junior Officer (Tasmania),30/11/2016,40982.83162,63961.38158,54182.66679
Junior Officer (Tasmania),1/12/2016,42140.11413,65241.05054,55364.48553
Junior Officer (Tasmania),30/11/2017,42131.61651,65227.89458,55353.32119
Junior Officer (Tasmania),1/12/2017,43311.88368,66532.5232,56558.5785
Junior Officer (Tasmania),30/11/2018,43304.86087,66521.73528,56549.40781
Junior Officer (Tasmania),1/12/2018,44214.04172,67918.3746,57736.9726
Junior Officer (Tasmania),18/08/2019,44208.62031,67910.04663,57729.89305
Junior Officer (Tasmania),19/08/2019,44385.57209,68182.04679,57960.9078
Junior Officer (Tasmania),30/11/2019,44383.15781,68178.33814,57957.75512
Junior Officer (Tasmania),1/12/2019,45335.65696,69642.47692,59202.07087
Junior Officer (Tasmania),30/11/2020,45332.20444,69637.17332,59197.56235
Junior Officer (Tasmania),1/12/2020,46374.52225,71238.5617,60559.07948
Junior Officer (Tasmania),30/11/2021,46360.44047,71216.92987,60540.69051
Junior Officer (Tasmania),1/12/2021,47449.94321,72890.60013,61963.31022
Junior Officer (Tasmania),30/11/2022,47416.61084,72839.39635,61919.78259
Junior Officer (Tasmania),1/12/2022,50644.43,76956.95,65654.848
Manager (Tasmania),1/12/2014,110585.4304,118107.292,114567.4734
Manager (Tasmania),30/11/2015,110568.1644,118088.8515,114549.5856
Manager (Tasmania),1/12/2015,112779.9526,120450.3857,116840.5469
Manager (Tasmania),30/11/2016,112763.2329,120432.5288,116823.2252
Manager (Tasmania),1/12/2016,115018.0803,122841.1388,119159.5061
Manager (Tasmania),30/11/2017,114994.8867,122816.3677,119135.4774
Manager (Tasmania),1/12/2017,117294.6739,125272.9126,121517.9416
Manager (Tasmania),30/11/2018,117275.6552,125252.6003,121498.2381
Manager (Tasmania),1/12/2018,119738.2306,127883.0556,124049.8101
Manager (Tasmania),18/08/2019,119723.5487,127867.3749,124034.5995
Manager (Tasmania),19/08/2019,120144.1883,128308.2376,124466.109
Manager (Tasmania),30/11/2019,120137.6533,128301.2585,124459.3389
Manager (Tasmania),1/12/2019,122776.7405,131128.4182,127198.0236
Manager (Tasmania),30/11/2020,122767.3904,131118.4322,127188.3369
Manager (Tasmania),1/12/2020,125591.0507,134134.1781,130113.6004
Manager (Tasmania),30/11/2021,125552.9145,134093.4478,130074.0909
Manager (Tasmania),1/12/2021,128503.0615,137244.7183,133130.8637
Manager (Tasmania),30/11/2022,128412.7914,137148.3074,133037.3427
Manager (Tasmania),1/12/2022,133952.26,142993.78,138738.65
Officer (Tasmania),1/12/2014,64885.54265,81791.26288,73622.39413
Officer (Tasmania),30/11/2015,64875.41184,81778.49253,73610.89921
Officer (Tasmania),1/12/2015,66172.5356,83413.55648,75083.15583
Officer (Tasmania),30/11/2016,66162.72545,83401.19033,75072.02467
Officer (Tasmania),1/12/2016,67485.89301,85069.31214,76573.41706
Officer (Tasmania),30/11/2017,67472.28438,85052.15778,76557.97591
Officer (Tasmania),1/12/2017,68821.41192,86753.23168,78088.86884
Officer (Tasmania),30/11/2018,68810.25287,86739.16507,78076.20712
Officer (Tasmania),1/12/2018,70255.43574,88560.56072,79715.93208
Officer (Tasmania),18/08/2019,70246.82122,88549.70167,79706.15753
Officer (Tasmania),19/08/2019,70527.92175,88892.48254,80021.91304
Officer (Tasmania),30/11/2019,70524.0855,88887.64738,80017.56038
Officer (Tasmania),1/12/2019,72038.78155,90807.81229,81739.08152
Officer (Tasmania),30/11/2020,72033.29546,90800.89684,81732.8567
Officer (Tasmania),1/12/2020,73690.28763,92889.57642,83612.53963
Officer (Tasmania),30/11/2021,73667.91132,92861.37018,83587.1504
Officer (Tasmania),1/12/2021,75399.1898,95043.40767,85551.34247
Officer (Tasmania),30/11/2022,75346.2238,94976.64211,85491.24484
Officer (Tasmania),1/12/2022,79028.46,99345.62,89528.51182
Principal Officer (Tasmania),1/12/2014,101554.744,106929.237,104431.4791
Principal Officer (Tasmania),30/11/2015,101538.8879,106912.5418,104415.1739
Principal Officer (Tasmania),1/12/2015,103569.5645,109050.4689,106503.2699
Principal Officer (Tasmania),30/11/2016,103554.2102,109034.302,106487.4807
Principal Officer (Tasmania),1/12/2016,105624.9472,111215.303,108617.1432
Principal Officer (Tasmania),30/11/2017,105603.6478,111192.8763,108595.2404
Principal Officer (Tasmania),1/12/2017,107715.3257,113416.813,110767.093
Principal Officer (Tasmania),30/11/2018,107697.8602,113398.423,110749.1327
Principal Officer (Tasmania),1/12/2018,109959.182,115780.0925,113074.9265
Principal Officer (Tasmania),18/08/2019,109945.6991,115765.8958,113061.0615
Principal Officer (Tasmania),19/08/2019,110342.0711,116176.4239,113465.0172
Principal Officer (Tasmania),30/11/2019,110336.0693,116170.1047,113458.8454
Principal Officer (Tasmania),1/12/2019,112749.6717,118718.1891,115944.239
Principal Officer (Tasmania),30/11/2020,112741.0853,118709.1481,115935.4093
Principal Officer (Tasmania),1/12/2020,115334.2426,121439.7984,118601.8625
Principal Officer (Tasmania),30/11/2021,115299.221,121402.9228,118565.8486
Principal Officer (Tasmania),1/12/2021,118008.8285,124256.0455,121352.0144
Principal Officer (Tasmania),30/11/2022,117925.9303,124168.7588,121266.7677
Principal Officer (Tasmania),1/12/2022,123098.8,129559.77,126556.2825
Senior Officer (Tasmania),1/12/2014,85549.66375,96875.46411,91699.02515
Senior Officer (Tasmania),30/11/2015,85536.30658,96860.33861,91684.70787
Senior Officer (Tasmania),1/12/2015,87247.25531,98797.92986,93518.37312
Senior Officer (Tasmania),30/11/2016,87234.32081,98783.28296,93504.50892
Senior Officer (Tasmania),1/12/2016,88979.32393,100758.93,95374.6609
Senior Officer (Tasmania),30/11/2017,88961.38111,100738.6118,95355.42845
Senior Officer (Tasmania),1/12/2017,90740.32816,102753.201,97262.38226
Senior Officer (Tasmania),30/11/2018,90725.61506,102736.5401,97246.61165
Senior Officer (Tasmania),1/12/2018,92630.95065,104893.6955,99288.76501
Senior Officer (Tasmania),18/08/2019,92619.59249,104880.8338,99276.59049
Senior Officer (Tasmania),19/08/2019,92972.48489,105264.0608,99646.09469
Senior Officer (Tasmania),30/11/2019,92967.42781,105258.3351,99640.67461
Senior Officer (Tasmania),1/12/2019,94981.62896,107555.6561,101808.2805
Senior Officer (Tasmania),30/11/2020,94974.39566,107547.4653,101800.5273
Senior Officer (Tasmania),1/12/2020,97159.1181,110021.3273,104142.0957
Senior Officer (Tasmania),30/11/2021,97129.6154,109987.9189,104110.4726
Senior Officer (Tasmania),1/12/2021,99411.70925,112572.2032,106556.8726
Senior Officer (Tasmania),30/11/2022,99341.87507,112493.1241,106482.0191
Senior Officer (Tasmania),1/12/2022,103864.36,117475.12,111253.9529
Specialist (Tasmania),1/12/2014,134115.4081,174854.6925,155233.138
Specialist (Tasmania),30/11/2015,134094.4682,174827.3918,155208.901
Specialist (Tasmania),1/12/2015,136776.7421,178324.1623,158313.0941
Specialist (Tasmania),30/11/2016,136756.4648,178297.7255,158289.6241
Specialist (Tasmania),1/12/2016,139491.8204,181863.6014,161455.2873
Specialist (Tasmania),30/11/2017,139463.6916,181826.9283,161422.7296
Specialist (Tasmania),1/12/2017,142252.9674,185462.6956,164650.8004
Specialist (Tasmania),30/11/2018,142229.9017,185432.6237,164624.1031
Specialist (Tasmania),1/12/2018,145217.3546,189327.2348,168081.3163
Specialist (Tasmania),18/08/2019,145199.5485,189304.02,168060.7067
Specialist (Tasmania),19/08/2019,145683.8908,189898.578,168602.1791
Specialist (Tasmania),30/11/2019,145675.9665,189888.2488,168593.0083
Specialist (Tasmania),1/12/2019,148902.5275,194132.0191,172346.7537
Specialist (Tasmania),30/11/2020,148891.1879,194117.235,172333.6286
Specialist (Tasmania),1/12/2020,152315.3688,198581.7118,176297.0396
Specialist (Tasmania),30/11/2021,152269.1177,198521.4117,176243.5064
Specialist (Tasmania),1/12/2021,155846.891,203186.6665,180385.1076
Specialist (Tasmania),30/11/2022,155737.4126,203043.9331,180258.3917
Specialist (Tasmania),1/12/2022,162233.27,211195.04,187612.1713
Junior Officer (Victoria),1/01/2016,43349.75695,61002.30005,52237.98677
Junior Officer (Victoria),30/06/2016,43347.44332,60999.04428,52235.19877
Junior Officer (Victoria),1/07/2016,43997.94029,61913.5843,53018.64905
Junior Officer (Victoria),31/12/2016,43993.80893,61907.77068,53013.67066
Junior Officer (Victoria),1/01/2017,44763.66012,62991.22748,53941.44277
Junior Officer (Victoria),30/06/2017,44759.9432,62985.99705,53936.96378
Junior Officer (Victoria),1/07/2017,45431.61041,63930.78195,54745.98843
Junior Officer (Victoria),31/12/2017,45426.35559,63923.38743,54739.65626
Junior Officer (Victoria),1/01/2018,46221.33957,65042.02901,55697.64017
Junior Officer (Victoria),30/06/2018,46217.54655,65036.69153,55693.06951
Junior Officer (Victoria),1/07/2018,46910.36563,66012.70666,56528.55126
Junior Officer (Victoria),31/12/2018,46907.48982,66008.65979,56525.08581
Junior Officer (Victoria),1/01/2019,47728.70125,67163.61482,57514.39329
Junior Officer (Victoria),30/06/2019,47724.26483,67157.3719,57509.04728
Junior Officer (Victoria),1/07/2019,48440.18947,68164.52013,58371.70135
Junior Officer (Victoria),19/03/2020,48432.0937,68153.12784,58361.94573
Junior Officer (Victoria),20/03/2020,49158.97133,69175.20468,59237.11465
Junior Officer (Victoria),30/06/2020,49168.59868,69188.75204,59248.71572
Junior Officer (Victoria),1/07/2020,49817.80257,70049.30111,60024.74801
Junior Officer (Victoria),30/11/2020,49807.99883,70035.51598,60012.93563
Junior Officer (Victoria),1/12/2020,49773.57485,70039.4908,59977.54375
Junior Officer (Victoria),30/06/2021,49767.42098,70030.8313,59970.12828
Junior Officer (Victoria),1/07/2021,50429.50797,70908.21888,60761.33372
Junior Officer (Victoria),31/08/2021,50426.81413,70904.4311,60758.08797
Junior Officer (Victoria),1/09/2021,50510.61399,71077.14429,60866.28713
Junior Officer (Victoria),31/05/2022,50485.47958,71041.77584,60835.99967
Junior Officer (Victoria),1/06/2022,51116.7878,71929.6476,61596.17438
Junior Officer (Victoria),30/06/2022,51112.84147,71924.09447,61591.41902
Junior Officer (Victoria),1/07/2022,51787.53802,72818.96416,62398.26795
Junior Officer (Victoria),1/12/2022,51774.62,72800.8,62382.70316
Manager (Victoria),1/01/2016,109219.7354,146156.8244,127688.7858
Manager (Victoria),30/06/2016,109213.9062,146149.0238,127681.9709
Manager (Victoria),1/07/2016,110851.7826,148341.2896,129597.042
Manager (Victoria),31/12/2016,110841.3738,148327.3605,129584.8729
Manager (Victoria),1/01/2017,112780.6704,150923.2056,131852.6967
Manager (Victoria),30/06/2017,112771.3057,150910.6738,131841.7485
Manager (Victoria),1/07/2017,114462.6123,153174.516,133819.3228
Manager (Victoria),31/12/2017,114449.3731,153156.7992,133803.8447
Manager (Victoria),1/01/2018,116452.0045,155837.0887,136145.3052
Manager (Victoria),30/06/2018,116442.4482,155824.3004,136134.1328
Manager (Victoria),1/07/2018,118189.1613,158161.6797,138176.179
Manager (Victoria),31/12/2018,118181.9158,158151.9837,138167.7082
Manager (Victoria),1/01/2019,120250.1146,160920.0326,140585.8321
Manager (Victoria),30/06/2019,120238.9372,160905.0749,140572.7645
Manager (Victoria),1/07/2019,122042.9056,163318.7926,142681.3547
Manager (Victoria),19/03/2020,122022.5086,163291.4973,142657.5084
Manager (Victoria),20/03/2020,123852.3395,165741.0445,144797.4503
Manager (Victoria),30/06/2020,123876.5949,165773.5034,144825.8076
Manager (Victoria),1/07/2020,125677.5795,167835.383,146757.2397
Manager (Victoria),30/11/2020,125652.8472,167802.3544,146728.3591
Manager (Victoria),1/12/2020,125399.9677,167812.2986,146606.8914
Manager (Victoria),30/06/2021,125384.4636,167791.5508,146588.7653
Manager (Victoria),1/07/2021,127221.1358,169894.0464,148558.3492
Manager (Victoria),31/08/2021,127214.3399,169884.971,148550.4135
Manager (Victoria),1/09/2021,127257.5542,170299.0788,148779.0747
Manager (Victoria),31/05/2022,127194.23,170214.3369,148705.0412
Manager (Victoria),1/06/2022,128784.1165,172341.5928,150563.6124
Manager (Victoria),30/06/2022,128774.1741,172328.2876,150551.9886
Manager (Victoria),1/07/2022,130646.7989,174471.5307,152559.9225
Manager (Victoria),1/12/2022,130614.21,174428.01,152521.8675
Officer (Victoria),1/01/2016,62336.83919,87559.52774,74206.0421
Officer (Victoria),30/06/2016,62333.5122,87554.85458,74202.08163
Officer (Victoria),1/07/2016,63268.28541,88867.98839,75315.01931
Officer (Victoria),31/12/2016,63262.34459,88859.64378,75307.94731
Officer (Victoria),1/01/2017,64369.0689,90414.52063,76625.82149
Officer (Victoria),30/06/2017,64363.72406,90407.01313,76619.45892
Officer (Victoria),1/07/2017,65328.7399,91763.49765,77768.8011
Officer (Victoria),31/12/2017,65321.18369,91752.88388,77759.80602
Officer (Victoria),1/01/2018,66464.09959,93359.03472,79120.5727
Officer (Victoria),30/06/2018,66458.64541,93351.37349,79114.07991
Officer (Victoria),1/07/2018,67455.90025,94752.18277,80300.91883
Officer (Victoria),31/12/2018,67451.76491,94746.37405,80295.99603
Officer (Victoria),1/01/2019,68632.00354,96404.97842,81701.09017
Officer (Victoria),30/06/2019,68625.62414,96396.0175,81693.49599
Officer (Victoria),1/07/2019,69655.01861,97842.02349,82918.89337
Officer (Victoria),19/03/2020,69643.37722,97825.67122,82905.03519
Officer (Victoria),20/03/2020,70687.69509,99292.56883,84148.51148
Officer (Victoria),30/06/2020,70701.53866,99312.01441,84164.99123
Officer (Victoria),1/07/2020,71675.34448,100547.7265,85266.77269
Officer (Victoria),30/11/2020,71661.23936,100527.9395,85249.99289
Officer (Victoria),1/12/2020,71571.18761,100533.9062,85200.20003
Officer (Victoria),30/06/2021,71562.33874,100521.4764,85189.6661
Officer (Victoria),1/07/2021,72554.96684,101780.9522,86312.74234
Officer (Victoria),31/08/2021,72551.09109,101775.5152,86308.13168
Officer (Victoria),1/09/2021,72631.81467,102023.9803,86462.7316
Officer (Victoria),31/05/2022,72595.67261,101973.2125,86419.70719
Officer (Victoria),1/06/2022,73502.73608,103247.9499,87499.77721
Officer (Victoria),30/06/2022,73497.06151,103239.979,87493.02202
Officer (Victoria),1/07/2022,74509.11576,104349.9393,88570.36434
Officer (Victoria),1/12/2022,74490.53,104323.91,88548.27111
Principal Officer (Victoria),1/01/2016,109219.7354,146156.8244,127688.7858
Principal Officer (Victoria),30/06/2016,109213.9062,146149.0238,127681.9709
Principal Officer (Victoria),1/07/2016,110851.7826,148341.2896,129597.042
Principal Officer (Victoria),31/12/2016,110841.3738,148327.3605,129584.8729
Principal Officer (Victoria),1/01/2017,112780.6704,150923.2056,131852.6967
Principal Officer (Victoria),30/06/2017,112771.3057,150910.6738,131841.7485
Principal Officer (Victoria),1/07/2017,114462.6123,153174.516,133819.3228
Principal Officer (Victoria),31/12/2017,114449.3731,153156.7992,133803.8447
Principal Officer (Victoria),1/01/2018,116452.0045,155837.0887,136145.3052
Principal Officer (Victoria),30/06/2018,116442.4482,155824.3004,136134.1328
Principal Officer (Victoria),1/07/2018,118189.1613,158161.6797,138176.179
Principal Officer (Victoria),31/12/2018,118181.9158,158151.9837,138167.7082
Principal Officer (Victoria),1/01/2019,120250.1146,160920.0326,140585.8321
Principal Officer (Victoria),30/06/2019,120238.9372,160905.0749,140572.7645
Principal Officer (Victoria),1/07/2019,122042.9056,163318.7926,142681.3547
Principal Officer (Victoria),19/03/2020,122022.5086,163291.4973,142657.5084
Principal Officer (Victoria),20/03/2020,123852.3395,165741.0445,144797.4503
Principal Officer (Victoria),30/06/2020,123876.5949,165773.5034,144825.8076
Principal Officer (Victoria),1/07/2020,125677.5795,167835.383,146757.2397
Principal Officer (Victoria),30/11/2020,125652.8472,167802.3544,146728.3591
Principal Officer (Victoria),1/12/2020,125399.9677,167812.2986,146606.8914
Principal Officer (Victoria),30/06/2021,125384.4636,167791.5508,146588.7653
Principal Officer (Victoria),1/07/2021,127221.1358,169894.0464,148558.3492
Principal Officer (Victoria),31/08/2021,127214.3399,169884.971,148550.4135
Principal Officer (Victoria),1/09/2021,127257.5542,170299.0788,148779.0747
Principal Officer (Victoria),31/05/2022,127194.23,170214.3369,148705.0412
Principal Officer (Victoria),1/06/2022,128784.1165,172341.5928,150563.6124
Principal Officer (Victoria),30/06/2022,128774.1741,172328.2876,150551.9886
Principal Officer (Victoria),1/07/2022,130646.7989,174471.5307,152559.9225
Principal Officer (Victoria),1/12/2022,130614.21,174428.01,152521.8675
Senior Officer (Victoria),1/01/2016,89043.81047,107735.4527,98389.63156
Senior Officer (Victoria),30/06/2016,89039.05809,107729.7027,98384.38039
Senior Officer (Victoria),1/07/2016,90374.4484,109345.3226,99860.13845
Senior Officer (Victoria),31/12/2016,90365.96234,109335.0552,99850.76169
Senior Officer (Victoria),1/01/2017,91947.14159,111248.0494,101597.8484
Senior Officer (Victoria),30/06/2017,91939.50683,111238.812,101589.4123
Senior Officer (Victoria),1/07/2017,93318.24539,112907.8646,103113.055
Senior Officer (Victoria),31/12/2017,93307.45179,112894.8052,103101.1285
Senior Officer (Victoria),1/01/2018,94939.89981,114870.128,104905.2667
Senior Officer (Victoria),30/06/2018,94932.10885,114860.7015,104896.658
Senior Officer (Victoria),1/07/2018,96356.1807,116584.152,106470.4192
Senior Officer (Victoria),31/12/2018,96350.27365,116577.0049,106463.8921
Senior Officer (Victoria),1/01/2019,98036.18435,118616.8861,108326.788
Senior Officer (Victoria),30/06/2019,98027.07181,118605.8605,108316.719
Senior Officer (Victoria),1/07/2019,99497.34643,120384.549,109941.4533
Senior Officer (Victoria),19/03/2020,99480.7175,120364.4292,109923.0789
Senior Officer (Victoria),20/03/2020,100972.8891,122169.9973,111571.9487
Senior Officer (Victoria),30/06/2020,100992.6637,122193.9232,111593.7991
Senior Officer (Victoria),1/07/2020,102381.0701,123713.7884,113047.9349
Senior Officer (Victoria),30/11/2020,102360.9224,123689.4425,113025.688
Senior Officer (Victoria),1/12/2020,102234.4435,123696.3973,112965.9259
Senior Officer (Victoria),30/06/2021,102221.8035,123681.1038,112951.9591
Senior Officer (Victoria),1/07/2021,103636.9554,125230.6835,114434.3249
Senior Officer (Victoria),31/08/2021,103631.4193,125223.9939,114428.212
Senior Officer (Victoria),1/09/2021,103749.4824,125529.0195,114639.7564
Senior Officer (Victoria),31/05/2022,103697.856,125466.5555,114582.7109
Senior Officer (Victoria),1/06/2022,104993.8054,127034.2198,116014.7703
Senior Officer (Victoria),30/06/2022,104985.6996,127024.4124,116005.8137
Senior Officer (Victoria),1/07/2022,106428.0277,128604.0693,117516.8062
Senior Officer (Victoria),1/12/2022,106401.48,128571.99,117487.4925
Specialist (Victoria),1/01/2016,148347.3302,201754.1903,175051.4348
Specialist (Victoria),30/06/2016,148339.4127,201743.4224,175042.0921
Specialist (Victoria),1/07/2016,150564.0516,204769.2955,177667.348
Specialist (Victoria),31/12/2016,150549.9138,204750.0679,177650.6653
Specialist (Victoria),1/01/2017,153184.2009,208333.2649,180759.4073
Specialist (Victoria),30/06/2017,153171.4814,208315.9661,180744.3981
Specialist (Victoria),1/07/2017,155468.7046,211440.6348,183455.6812
Specialist (Victoria),31/12/2017,155450.7224,211416.1786,183434.4619
Specialist (Victoria),1/01/2018,158171.4691,215115.9896,186644.4036
Specialist (Victoria),30/06/2018,158158.4892,215098.3367,186629.0872
Specialist (Victoria),1/07/2018,160531.268,218324.7495,189428.683
Specialist (Victoria),31/12/2018,160521.4268,218311.3653,189417.0702
Specialist (Victoria),1/01/2019,163330.9408,222132.2234,192731.9192
Specialist (Victoria),30/06/2019,163315.759,222111.576,192714.0046
Specialist (Victoria),1/07/2019,165765.8797,225443.457,195604.6683
Specialist (Victoria),19/03/2020,165738.1753,225405.7788,195571.977
Specialist (Victoria),20/03/2020,168224.117,228786.4167,198505.2668
Specialist (Victoria),30/06/2020,168257.0622,228831.2225,198544.1424
Specialist (Victoria),1/07/2020,170601.0725,231677.8096,201139.2725
Specialist (Victoria),30/11/2020,170567.4996,231632.2174,201099.69
Specialist (Victoria),1/12/2020,170326.7079,231646.1425,200986.0882
Specialist (Victoria),30/06/2021,170305.6491,231617.5024,200961.2388
Specialist (Victoria),1/07/2021,172696.2473,234519.5528,203607.5631
Specialist (Victoria),31/08/2021,172687.0222,234507.0253,203596.6868
Specialist (Victoria),1/09/2021,172850.4365,235078.6962,203964.2294
Specialist (Victoria),31/05/2022,172764.425,234961.7195,203862.7355
Specialist (Victoria),1/06/2022,174922.9936,237898.0598,206410.19
Specialist (Victoria),30/06/2022,174909.4892,237879.6936,206394.2546
Specialist (Victoria),1/07/2022,177345.6976,240838.0153,209091.6881
Specialist (Victoria),1/12/2022,177301.46,240777.94,209039.5317
Executive (WA),13/06/2015,148756.5569,196318.7072,170542.1857
Executive (WA),12/06/2016,148739.7973,196296.589,170522.9716
Executive (WA),13/06/2016,152457.9382,201203.5232,174785.8616
Executive (WA),12/06/2017,152429.7593,201166.3347,174753.5559
Executive (WA),13/06/2017,153441.3113,202177.8867,175765.1079
Executive (WA),12/06/2018,153409.4566,202135.9142,175728.6188
Executive (WA),13/06/2018,154420.7986,203147.2562,176739.9608
Executive (WA),12/06/2019,154397.2845,203116.3224,176713.048
Executive (WA),13/06/2019,155408.4725,204127.5104,177724.236
Executive (WA),12/06/2020,155412.6221,204132.9608,177728.9815
Executive (WA),13/06/2020,156423.9918,205144.3787,178740.3733
Executive (WA),12/06/2021,156376.9664,205082.7065,178686.6389
Executive (WA),13/06/2021,157387.7227,206093.4147,179697.3731
Executive (WA),12/06/2022,157293.2195,205969.6662,179589.4741
Executive (WA),13/06/2022,162011.8684,212148.0555,184976.5874
Executive (WA),1/12/2022,161963.6,212084.85,184921.4771
Junior Officer (WA),13/06/2015,48302.82666,72771.45591,61085.98722
Junior Officer (WA),12/06/2016,48297.38464,72763.25714,61079.10499
Junior Officer (WA),13/06/2016,49504.38927,74582.36386,62605.90345
Junior Officer (WA),12/06/2017,49495.23936,74568.57878,62594.33198
Junior Officer (WA),13/06/2017,50506.79136,75580.13078,63605.88398
Junior Officer (WA),12/06/2018,50496.30606,75564.44021,63592.67929
Junior Officer (WA),13/06/2018,51507.64806,76575.78221,64604.02129
Junior Officer (WA),12/06/2019,51499.80484,76564.1218,64594.18385
Junior Officer (WA),13/06/2019,52510.99284,77575.3098,65605.37185
Junior Officer (WA),12/06/2020,52512.39495,77577.38116,65607.12359
Junior Officer (WA),13/06/2020,53523.66288,78588.67387,66618.40447
Junior Officer (WA),12/06/2021,53507.57216,78565.0479,66598.3771
Junior Officer (WA),13/06/2021,54518.43023,79575.88119,67609.22222
Junior Officer (WA),12/06/2022,54485.69472,79528.09997,67568.62637
Junior Officer (WA),13/06/2022,57637.67205,82680.00294,70720.56485
Junior Officer (WA),1/12/2022,57620.5,82655.37,70699.495
Manager (WA),13/06/2015,129612.2982,140780.1197,134997.0426
Manager (WA),12/06/2016,129597.6955,140764.2588,134981.8332
Manager (WA),13/06/2016,132837.2837,144283.0871,138356.32
Manager (WA),12/06/2017,132812.7314,144256.4192,138330.7476
Manager (WA),13/06/2017,133824.2834,145267.9712,139342.2996
Manager (WA),12/06/2018,133796.5012,145237.8133,139313.3718
Manager (WA),13/06/2018,134807.8432,146249.1553,140324.7138
Manager (WA),12/06/2019,134787.3156,146226.8855,140303.3462
Manager (WA),13/06/2019,135798.5036,147238.0735,141314.5342
Manager (WA),12/06/2020,135802.1296,147242.0049,141318.3075
Manager (WA),13/06/2020,136813.4799,148253.3665,142329.6632
Manager (WA),12/06/2021,136772.35,148208.7974,142286.8749
Manager (WA),13/06/2021,137783.1257,149219.5618,143297.6452
Manager (WA),12/06/2022,137700.394,149129.9631,143211.6023
Manager (WA),13/06/2022,141831.1059,153603.1331,147507.3137
Manager (WA),1/12/2022,141788.85,153557.37,147463.3667
Officer (WA),13/06/2015,75471.07971,92787.93195,83725.48738
Officer (WA),12/06/2016,75462.57679,92777.47804,83716.05449
Officer (WA),13/06/2016,77349.47003,95097.39557,85809.05341
Officer (WA),12/06/2017,77335.1735,95079.81869,85793.1933
Officer (WA),13/06/2017,78346.7255,96091.37069,86804.7453
Officer (WA),12/06/2018,78330.46058,96071.42195,86786.72448
Officer (WA),13/06/2018,79341.80258,97082.76395,87798.06648
Officer (WA),12/06/2019,79329.72098,97067.98087,87784.69721
Officer (WA),13/06/2019,80340.90898,98079.16887,88795.88521
Officer (WA),12/06/2020,80343.05418,98081.78771,88798.25617
Officer (WA),13/06/2020,81354.34963,99093.1007,89809.55999
Officer (WA),12/06/2021,81329.89222,99063.31053,89782.5607
Officer (WA),13/06/2021,82340.72277,100074.1235,90793.38289
Officer (WA),12/06/2022,82291.28141,100014.0342,90738.86614
Officer (WA),13/06/2022,85443.17617,103165.8763,93890.73582
Officer (WA),1/12/2022,85417.72,103135.14,93862.76286
Principal Officer (WA),13/06/2015,114240.2274,122442.3078,118282.5801
Principal Officer (WA),12/06/2016,114227.3566,122428.5129,118269.2539
Principal Officer (WA),13/06/2016,117083.4958,125489.0234,121226.2297
Principal Officer (WA),12/06/2017,117061.8552,125465.8292,121203.8235
Principal Officer (WA),13/06/2017,118073.4072,126477.3812,122215.3755
Principal Officer (WA),12/06/2018,118048.895,126451.1243,122190.0033
Principal Officer (WA),13/06/2018,119060.237,127462.4663,123201.3453
Principal Officer (WA),12/06/2019,119042.1073,127443.0572,123182.5851
Principal Officer (WA),13/06/2019,120053.2953,128454.2452,124193.7731
Principal Officer (WA),12/06/2020,120056.5009,128457.6751,124197.0892
Principal Officer (WA),13/06/2020,121067.8356,129469.0181,125208.428
Principal Officer (WA),12/06/2021,121031.4392,129430.0961,125170.7869
Principal Officer (WA),13/06/2021,122042.2305,130440.8791,126181.574
Principal Officer (WA),12/06/2022,121968.9504,130362.556,126105.8085
Principal Officer (WA),13/06/2022,125627.8984,134273.0441,129888.6745
Principal Officer (WA),1/12/2022,125590.47,134233.04,129849.9767
Senior Officer (WA),13/06/2015,97696.43086,108184.2872,102853.3397
Senior Officer (WA),12/06/2016,97685.42393,108172.0987,102841.7517
Senior Officer (WA),13/06/2016,100127.7619,110876.477,105412.8335
Senior Officer (WA),12/06/2017,100109.2552,110855.9837,105393.35
Senior Officer (WA),13/06/2017,101120.8072,111867.5357,106404.902
Senior Officer (WA),12/06/2018,101099.8144,111844.3118,106382.8121
Senior Officer (WA),13/06/2018,102111.1564,112855.6538,107394.1541
Senior Officer (WA),12/06/2019,102095.6076,112838.4689,107377.8009
Senior Officer (WA),13/06/2019,103106.7956,113849.6569,108388.9889
Senior Officer (WA),12/06/2020,103109.5487,113852.6969,108391.883
Senior Officer (WA),13/06/2020,104120.8667,114864.0254,109403.2062
Senior Officer (WA),12/06/2021,104089.565,114829.4941,109370.3166
Senior Officer (WA),13/06/2021,105100.373,115840.2915,110381.1194
Senior Officer (WA),12/06/2022,105037.2657,115770.7354,110314.8412
Senior Officer (WA),13/06/2022,108189.0929,119243.8064,113624.5123
Senior Officer (WA),1/12/2022,108156.86,119208.28,113590.66
