Date,Inflator
1/01/2014,123.70%
2/01/2014,123.69%
3/01/2014,123.68%
4/01/2014,123.67%
5/01/2014,123.66%
6/01/2014,123.65%
7/01/2014,123.65%
8/01/2014,123.64%
9/01/2014,123.63%
10/01/2014,123.62%
11/01/2014,123.61%
12/01/2014,123.60%
13/01/2014,123.59%
14/01/2014,123.58%
15/01/2014,123.58%
16/01/2014,123.57%
17/01/2014,123.56%
18/01/2014,123.55%
19/01/2014,123.54%
20/01/2014,123.53%
21/01/2014,123.52%
22/01/2014,123.51%
23/01/2014,123.51%
24/01/2014,123.50%
25/01/2014,123.49%
26/01/2014,123.48%
27/01/2014,123.47%
28/01/2014,123.46%
29/01/2014,123.45%
30/01/2014,123.45%
31/01/2014,123.44%
1/02/2014,123.43%
2/02/2014,123.42%
3/02/2014,123.41%
4/02/2014,123.40%
5/02/2014,123.39%
6/02/2014,123.38%
7/02/2014,123.38%
8/02/2014,123.37%
9/02/2014,123.36%
10/02/2014,123.35%
11/02/2014,123.34%
12/02/2014,123.33%
13/02/2014,123.32%
14/02/2014,123.31%
15/02/2014,123.31%
16/02/2014,123.30%
17/02/2014,123.29%
18/02/2014,123.28%
19/02/2014,123.27%
20/02/2014,123.26%
21/02/2014,123.25%
22/02/2014,123.24%
23/02/2014,123.24%
24/02/2014,123.23%
25/02/2014,123.22%
26/02/2014,123.21%
27/02/2014,123.20%
28/02/2014,123.19%
1/03/2014,123.18%
2/03/2014,123.18%
3/03/2014,123.17%
4/03/2014,123.16%
5/03/2014,123.15%
6/03/2014,123.14%
7/03/2014,123.13%
8/03/2014,123.12%
9/03/2014,123.11%
10/03/2014,123.11%
11/03/2014,123.10%
12/03/2014,123.09%
13/03/2014,123.08%
14/03/2014,123.07%
15/03/2014,123.06%
16/03/2014,123.05%
17/03/2014,123.04%
18/03/2014,123.04%
19/03/2014,123.03%
20/03/2014,123.02%
21/03/2014,123.01%
22/03/2014,123.00%
23/03/2014,122.99%
24/03/2014,122.98%
25/03/2014,122.98%
26/03/2014,122.97%
27/03/2014,122.96%
28/03/2014,122.95%
29/03/2014,122.94%
30/03/2014,122.93%
31/03/2014,122.92%
1/04/2014,122.91%
2/04/2014,122.91%
3/04/2014,122.90%
4/04/2014,122.89%
5/04/2014,122.88%
6/04/2014,122.87%
7/04/2014,122.86%
8/04/2014,122.85%
9/04/2014,122.85%
10/04/2014,122.84%
11/04/2014,122.83%
12/04/2014,122.82%
13/04/2014,122.81%
14/04/2014,122.80%
15/04/2014,122.80%
16/04/2014,122.79%
17/04/2014,122.78%
18/04/2014,122.77%
19/04/2014,122.76%
20/04/2014,122.75%
21/04/2014,122.74%
22/04/2014,122.74%
23/04/2014,122.73%
24/04/2014,122.72%
25/04/2014,122.71%
26/04/2014,122.70%
27/04/2014,122.69%
28/04/2014,122.68%
29/04/2014,122.68%
30/04/2014,122.67%
1/05/2014,122.66%
2/05/2014,122.65%
3/05/2014,122.64%
4/05/2014,122.63%
5/05/2014,122.62%
6/05/2014,122.62%
7/05/2014,122.61%
8/05/2014,122.60%
9/05/2014,122.59%
10/05/2014,122.58%
11/05/2014,122.57%
12/05/2014,122.57%
13/05/2014,122.56%
14/05/2014,122.55%
15/05/2014,122.54%
16/05/2014,122.53%
17/05/2014,122.52%
18/05/2014,122.51%
19/05/2014,122.51%
20/05/2014,122.50%
21/05/2014,122.49%
22/05/2014,122.48%
23/05/2014,122.47%
24/05/2014,122.46%
25/05/2014,122.45%
26/05/2014,122.45%
27/05/2014,122.44%
28/05/2014,122.43%
29/05/2014,122.42%
30/05/2014,122.41%
31/05/2014,122.40%
1/06/2014,122.40%
2/06/2014,122.39%
3/06/2014,122.38%
4/06/2014,122.37%
5/06/2014,122.36%
6/06/2014,122.35%
7/06/2014,122.34%
8/06/2014,122.34%
9/06/2014,122.33%
10/06/2014,122.32%
11/06/2014,122.31%
12/06/2014,122.30%
13/06/2014,122.29%
14/06/2014,122.28%
15/06/2014,122.28%
16/06/2014,122.27%
17/06/2014,122.26%
18/06/2014,122.25%
19/06/2014,122.24%
20/06/2014,122.23%
21/06/2014,122.23%
22/06/2014,122.22%
23/06/2014,122.21%
24/06/2014,122.20%
25/06/2014,122.19%
26/06/2014,122.18%
27/06/2014,122.17%
28/06/2014,122.17%
29/06/2014,122.16%
30/06/2014,122.15%
1/07/2014,122.14%
2/07/2014,122.14%
3/07/2014,122.14%
4/07/2014,122.13%
5/07/2014,122.13%
6/07/2014,122.13%
7/07/2014,122.12%
8/07/2014,122.12%
9/07/2014,122.12%
10/07/2014,122.12%
11/07/2014,122.11%
12/07/2014,122.11%
13/07/2014,122.11%
14/07/2014,122.10%
15/07/2014,122.10%
16/07/2014,122.10%
17/07/2014,122.10%
18/07/2014,122.09%
19/07/2014,122.09%
20/07/2014,122.09%
21/07/2014,122.08%
22/07/2014,122.08%
23/07/2014,122.08%
24/07/2014,122.08%
25/07/2014,122.07%
26/07/2014,122.07%
27/07/2014,122.07%
28/07/2014,122.07%
29/07/2014,122.06%
30/07/2014,122.06%
31/07/2014,122.06%
1/08/2014,122.05%
2/08/2014,122.05%
3/08/2014,122.05%
4/08/2014,122.05%
5/08/2014,122.04%
6/08/2014,122.04%
7/08/2014,122.04%
8/08/2014,122.03%
9/08/2014,122.03%
10/08/2014,122.03%
11/08/2014,122.03%
12/08/2014,122.02%
13/08/2014,122.02%
14/08/2014,122.02%
15/08/2014,122.02%
16/08/2014,122.01%
17/08/2014,122.01%
18/08/2014,122.01%
19/08/2014,122.00%
20/08/2014,122.00%
21/08/2014,122.00%
22/08/2014,122.00%
23/08/2014,121.99%
24/08/2014,121.99%
25/08/2014,121.99%
26/08/2014,121.98%
27/08/2014,121.98%
28/08/2014,121.98%
29/08/2014,121.98%
30/08/2014,121.97%
31/08/2014,121.97%
1/09/2014,121.97%
2/09/2014,121.97%
3/09/2014,121.96%
4/09/2014,121.96%
5/09/2014,121.96%
6/09/2014,121.95%
7/09/2014,121.95%
8/09/2014,121.95%
9/09/2014,121.95%
10/09/2014,121.94%
11/09/2014,121.94%
12/09/2014,121.94%
13/09/2014,121.93%
14/09/2014,121.93%
15/09/2014,121.93%
16/09/2014,121.93%
17/09/2014,121.92%
18/09/2014,121.92%
19/09/2014,121.92%
20/09/2014,121.92%
21/09/2014,121.91%
22/09/2014,121.91%
23/09/2014,121.91%
24/09/2014,121.90%
25/09/2014,121.90%
26/09/2014,121.90%
27/09/2014,121.90%
28/09/2014,121.89%
29/09/2014,121.89%
30/09/2014,121.89%
1/10/2014,121.88%
2/10/2014,121.88%
3/10/2014,121.88%
4/10/2014,121.88%
5/10/2014,121.87%
6/10/2014,121.87%
7/10/2014,121.87%
8/10/2014,121.87%
9/10/2014,121.86%
10/10/2014,121.86%
11/10/2014,121.86%
12/10/2014,121.85%
13/10/2014,121.85%
14/10/2014,121.85%
15/10/2014,121.85%
16/10/2014,121.84%
17/10/2014,121.84%
18/10/2014,121.84%
19/10/2014,121.83%
20/10/2014,121.83%
21/10/2014,121.83%
22/10/2014,121.83%
23/10/2014,121.82%
24/10/2014,121.82%
25/10/2014,121.82%
26/10/2014,121.82%
27/10/2014,121.81%
28/10/2014,121.81%
29/10/2014,121.81%
30/10/2014,121.80%
31/10/2014,121.80%
1/11/2014,121.80%
2/11/2014,121.80%
3/11/2014,121.79%
4/11/2014,121.79%
5/11/2014,121.79%
6/11/2014,121.79%
7/11/2014,121.78%
8/11/2014,121.78%
9/11/2014,121.78%
10/11/2014,121.77%
11/11/2014,121.77%
12/11/2014,121.77%
13/11/2014,121.77%
14/11/2014,121.76%
15/11/2014,121.76%
16/11/2014,121.76%
17/11/2014,121.75%
18/11/2014,121.75%
19/11/2014,121.75%
20/11/2014,121.75%
21/11/2014,121.74%
22/11/2014,121.74%
23/11/2014,121.74%
24/11/2014,121.74%
25/11/2014,121.73%
26/11/2014,121.73%
27/11/2014,121.73%
28/11/2014,121.72%
29/11/2014,121.72%
30/11/2014,121.72%
1/12/2014,121.72%
2/12/2014,121.71%
3/12/2014,121.71%
4/12/2014,121.71%
5/12/2014,121.70%
6/12/2014,121.70%
7/12/2014,121.70%
8/12/2014,121.70%
9/12/2014,121.69%
10/12/2014,121.69%
11/12/2014,121.69%
12/12/2014,121.69%
13/12/2014,121.68%
14/12/2014,121.68%
15/12/2014,121.68%
16/12/2014,121.67%
17/12/2014,121.67%
18/12/2014,121.67%
19/12/2014,121.67%
20/12/2014,121.66%
21/12/2014,121.66%
22/12/2014,121.66%
23/12/2014,121.65%
24/12/2014,121.65%
25/12/2014,121.65%
26/12/2014,121.65%
27/12/2014,121.64%
28/12/2014,121.64%
29/12/2014,121.64%
30/12/2014,121.64%
31/12/2014,121.63%
1/01/2015,121.63%
2/01/2015,121.63%
3/01/2015,121.62%
4/01/2015,121.62%
5/01/2015,121.61%
6/01/2015,121.61%
7/01/2015,121.60%
8/01/2015,121.60%
9/01/2015,121.60%
10/01/2015,121.59%
11/01/2015,121.59%
12/01/2015,121.58%
13/01/2015,121.58%
14/01/2015,121.58%
15/01/2015,121.57%
16/01/2015,121.57%
17/01/2015,121.56%
18/01/2015,121.56%
19/01/2015,121.55%
20/01/2015,121.55%
21/01/2015,121.55%
22/01/2015,121.54%
23/01/2015,121.54%
24/01/2015,121.53%
25/01/2015,121.53%
26/01/2015,121.52%
27/01/2015,121.52%
28/01/2015,121.52%
29/01/2015,121.51%
30/01/2015,121.51%
31/01/2015,121.50%
1/02/2015,121.50%
2/02/2015,121.49%
3/02/2015,121.49%
4/02/2015,121.49%
5/02/2015,121.48%
6/02/2015,121.48%
7/02/2015,121.47%
8/02/2015,121.47%
9/02/2015,121.47%
10/02/2015,121.46%
11/02/2015,121.46%
12/02/2015,121.45%
13/02/2015,121.45%
14/02/2015,121.44%
15/02/2015,121.44%
16/02/2015,121.44%
17/02/2015,121.43%
18/02/2015,121.43%
19/02/2015,121.42%
20/02/2015,121.42%
21/02/2015,121.41%
22/02/2015,121.41%
23/02/2015,121.41%
24/02/2015,121.40%
25/02/2015,121.40%
26/02/2015,121.39%
27/02/2015,121.39%
28/02/2015,121.39%
1/03/2015,121.38%
2/03/2015,121.38%
3/03/2015,121.37%
4/03/2015,121.37%
5/03/2015,121.36%
6/03/2015,121.36%
7/03/2015,121.36%
8/03/2015,121.35%
9/03/2015,121.35%
10/03/2015,121.34%
11/03/2015,121.34%
12/03/2015,121.33%
13/03/2015,121.33%
14/03/2015,121.33%
15/03/2015,121.32%
16/03/2015,121.32%
17/03/2015,121.31%
18/03/2015,121.31%
19/03/2015,121.30%
20/03/2015,121.30%
21/03/2015,121.30%
22/03/2015,121.29%
23/03/2015,121.29%
24/03/2015,121.28%
25/03/2015,121.28%
26/03/2015,121.28%
27/03/2015,121.27%
28/03/2015,121.27%
29/03/2015,121.26%
30/03/2015,121.26%
31/03/2015,121.25%
1/04/2015,121.25%
2/04/2015,121.24%
3/04/2015,121.23%
4/04/2015,121.22%
5/04/2015,121.21%
6/04/2015,121.19%
7/04/2015,121.18%
8/04/2015,121.17%
9/04/2015,121.16%
10/04/2015,121.15%
11/04/2015,121.14%
12/04/2015,121.13%
13/04/2015,121.12%
14/04/2015,121.11%
15/04/2015,121.10%
16/04/2015,121.08%
17/04/2015,121.07%
18/04/2015,121.06%
19/04/2015,121.05%
20/04/2015,121.04%
21/04/2015,121.03%
22/04/2015,121.02%
23/04/2015,121.01%
24/04/2015,121.00%
25/04/2015,120.98%
26/04/2015,120.97%
27/04/2015,120.96%
28/04/2015,120.95%
29/04/2015,120.94%
30/04/2015,120.93%
1/05/2015,120.92%
2/05/2015,120.91%
3/05/2015,120.90%
4/05/2015,120.89%
5/05/2015,120.87%
6/05/2015,120.86%
7/05/2015,120.85%
8/05/2015,120.84%
9/05/2015,120.83%
10/05/2015,120.82%
11/05/2015,120.81%
12/05/2015,120.80%
13/05/2015,120.79%
14/05/2015,120.78%
15/05/2015,120.76%
16/05/2015,120.75%
17/05/2015,120.74%
18/05/2015,120.73%
19/05/2015,120.72%
20/05/2015,120.71%
21/05/2015,120.70%
22/05/2015,120.69%
23/05/2015,120.68%
24/05/2015,120.67%
25/05/2015,120.65%
26/05/2015,120.64%
27/05/2015,120.63%
28/05/2015,120.62%
29/05/2015,120.61%
30/05/2015,120.60%
31/05/2015,120.59%
1/06/2015,120.58%
2/06/2015,120.57%
3/06/2015,120.56%
4/06/2015,120.54%
5/06/2015,120.53%
6/06/2015,120.52%
7/06/2015,120.51%
8/06/2015,120.50%
9/06/2015,120.49%
10/06/2015,120.48%
11/06/2015,120.47%
12/06/2015,120.46%
13/06/2015,120.45%
14/06/2015,120.43%
15/06/2015,120.42%
16/06/2015,120.41%
17/06/2015,120.40%
18/06/2015,120.39%
19/06/2015,120.38%
20/06/2015,120.37%
21/06/2015,120.36%
22/06/2015,120.35%
23/06/2015,120.34%
24/06/2015,120.32%
25/06/2015,120.31%
26/06/2015,120.30%
27/06/2015,120.29%
28/06/2015,120.28%
29/06/2015,120.27%
30/06/2015,120.26%
1/07/2015,120.25%
2/07/2015,120.25%
3/07/2015,120.25%
4/07/2015,120.24%
5/07/2015,120.24%
6/07/2015,120.24%
7/07/2015,120.24%
8/07/2015,120.24%
9/07/2015,120.24%
10/07/2015,120.24%
11/07/2015,120.23%
12/07/2015,120.23%
13/07/2015,120.23%
14/07/2015,120.23%
15/07/2015,120.23%
16/07/2015,120.23%
17/07/2015,120.23%
18/07/2015,120.22%
19/07/2015,120.22%
20/07/2015,120.22%
21/07/2015,120.22%
22/07/2015,120.22%
23/07/2015,120.22%
24/07/2015,120.22%
25/07/2015,120.22%
26/07/2015,120.21%
27/07/2015,120.21%
28/07/2015,120.21%
29/07/2015,120.21%
30/07/2015,120.21%
31/07/2015,120.21%
1/08/2015,120.21%
2/08/2015,120.20%
3/08/2015,120.20%
4/08/2015,120.20%
5/08/2015,120.20%
6/08/2015,120.20%
7/08/2015,120.20%
8/08/2015,120.20%
9/08/2015,120.20%
10/08/2015,120.19%
11/08/2015,120.19%
12/08/2015,120.19%
13/08/2015,120.19%
14/08/2015,120.19%
15/08/2015,120.19%
16/08/2015,120.19%
17/08/2015,120.18%
18/08/2015,120.18%
19/08/2015,120.18%
20/08/2015,120.18%
21/08/2015,120.18%
22/08/2015,120.18%
23/08/2015,120.18%
24/08/2015,120.18%
25/08/2015,120.17%
26/08/2015,120.17%
27/08/2015,120.17%
28/08/2015,120.17%
29/08/2015,120.17%
30/08/2015,120.17%
31/08/2015,120.17%
1/09/2015,120.16%
2/09/2015,120.16%
3/09/2015,120.16%
4/09/2015,120.16%
5/09/2015,120.16%
6/09/2015,120.16%
7/09/2015,120.16%
8/09/2015,120.15%
9/09/2015,120.15%
10/09/2015,120.15%
11/09/2015,120.15%
12/09/2015,120.15%
13/09/2015,120.15%
14/09/2015,120.15%
15/09/2015,120.15%
16/09/2015,120.14%
17/09/2015,120.14%
18/09/2015,120.14%
19/09/2015,120.14%
20/09/2015,120.14%
21/09/2015,120.14%
22/09/2015,120.14%
23/09/2015,120.13%
24/09/2015,120.13%
25/09/2015,120.13%
26/09/2015,120.13%
27/09/2015,120.13%
28/09/2015,120.13%
29/09/2015,120.13%
30/09/2015,120.13%
1/10/2015,120.12%
2/10/2015,120.12%
3/10/2015,120.11%
4/10/2015,120.11%
5/10/2015,120.10%
6/10/2015,120.10%
7/10/2015,120.09%
8/10/2015,120.09%
9/10/2015,120.08%
10/10/2015,120.08%
11/10/2015,120.07%
12/10/2015,120.06%
13/10/2015,120.06%
14/10/2015,120.05%
15/10/2015,120.05%
16/10/2015,120.04%
17/10/2015,120.04%
18/10/2015,120.03%
19/10/2015,120.03%
20/10/2015,120.02%
21/10/2015,120.02%
22/10/2015,120.01%
23/10/2015,120.01%
24/10/2015,120.00%
25/10/2015,119.99%
26/10/2015,119.99%
27/10/2015,119.98%
28/10/2015,119.98%
29/10/2015,119.97%
30/10/2015,119.97%
31/10/2015,119.96%
1/11/2015,119.96%
2/11/2015,119.95%
3/11/2015,119.95%
4/11/2015,119.94%
5/11/2015,119.94%
6/11/2015,119.93%
7/11/2015,119.92%
8/11/2015,119.92%
9/11/2015,119.91%
10/11/2015,119.91%
11/11/2015,119.90%
12/11/2015,119.90%
13/11/2015,119.89%
14/11/2015,119.89%
15/11/2015,119.88%
16/11/2015,119.88%
17/11/2015,119.87%
18/11/2015,119.87%
19/11/2015,119.86%
20/11/2015,119.86%
21/11/2015,119.85%
22/11/2015,119.84%
23/11/2015,119.84%
24/11/2015,119.83%
25/11/2015,119.83%
26/11/2015,119.82%
27/11/2015,119.82%
28/11/2015,119.81%
29/11/2015,119.81%
30/11/2015,119.80%
1/12/2015,119.80%
2/12/2015,119.79%
3/12/2015,119.79%
4/12/2015,119.78%
5/12/2015,119.77%
6/12/2015,119.77%
7/12/2015,119.76%
8/12/2015,119.76%
9/12/2015,119.75%
10/12/2015,119.75%
11/12/2015,119.74%
12/12/2015,119.74%
13/12/2015,119.73%
14/12/2015,119.73%
15/12/2015,119.72%
16/12/2015,119.72%
17/12/2015,119.71%
18/12/2015,119.71%
19/12/2015,119.70%
20/12/2015,119.69%
21/12/2015,119.69%
22/12/2015,119.68%
23/12/2015,119.68%
24/12/2015,119.67%
25/12/2015,119.67%
26/12/2015,119.66%
27/12/2015,119.66%
28/12/2015,119.65%
29/12/2015,119.65%
30/12/2015,119.64%
31/12/2015,119.64%
1/01/2016,119.63%
2/01/2016,119.63%
3/01/2016,119.63%
4/01/2016,119.63%
5/01/2016,119.64%
6/01/2016,119.64%
7/01/2016,119.64%
8/01/2016,119.64%
9/01/2016,119.64%
10/01/2016,119.64%
11/01/2016,119.64%
12/01/2016,119.64%
13/01/2016,119.65%
14/01/2016,119.65%
15/01/2016,119.65%
16/01/2016,119.65%
17/01/2016,119.65%
18/01/2016,119.65%
19/01/2016,119.65%
20/01/2016,119.66%
21/01/2016,119.66%
22/01/2016,119.66%
23/01/2016,119.66%
24/01/2016,119.66%
25/01/2016,119.66%
26/01/2016,119.66%
27/01/2016,119.67%
28/01/2016,119.67%
29/01/2016,119.67%
30/01/2016,119.67%
31/01/2016,119.67%
1/02/2016,119.67%
2/02/2016,119.67%
3/02/2016,119.67%
4/02/2016,119.68%
5/02/2016,119.68%
6/02/2016,119.68%
7/02/2016,119.68%
8/02/2016,119.68%
9/02/2016,119.68%
10/02/2016,119.68%
11/02/2016,119.69%
12/02/2016,119.69%
13/02/2016,119.69%
14/02/2016,119.69%
15/02/2016,119.69%
16/02/2016,119.69%
17/02/2016,119.69%
18/02/2016,119.69%
19/02/2016,119.70%
20/02/2016,119.70%
21/02/2016,119.70%
22/02/2016,119.70%
23/02/2016,119.70%
24/02/2016,119.70%
25/02/2016,119.70%
26/02/2016,119.71%
27/02/2016,119.71%
28/02/2016,119.71%
29/02/2016,119.71%
1/03/2016,119.71%
2/03/2016,119.71%
3/03/2016,119.71%
4/03/2016,119.72%
5/03/2016,119.72%
6/03/2016,119.72%
7/03/2016,119.72%
8/03/2016,119.72%
9/03/2016,119.72%
10/03/2016,119.72%
11/03/2016,119.72%
12/03/2016,119.73%
13/03/2016,119.73%
14/03/2016,119.73%
15/03/2016,119.73%
16/03/2016,119.73%
17/03/2016,119.73%
18/03/2016,119.73%
19/03/2016,119.74%
20/03/2016,119.74%
21/03/2016,119.74%
22/03/2016,119.74%
23/03/2016,119.74%
24/03/2016,119.74%
25/03/2016,119.74%
26/03/2016,119.74%
27/03/2016,119.75%
28/03/2016,119.75%
29/03/2016,119.75%
30/03/2016,119.75%
31/03/2016,119.75%
1/04/2016,119.75%
2/04/2016,119.74%
3/04/2016,119.74%
4/04/2016,119.73%
5/04/2016,119.72%
6/04/2016,119.71%
7/04/2016,119.70%
8/04/2016,119.70%
9/04/2016,119.69%
10/04/2016,119.68%
11/04/2016,119.67%
12/04/2016,119.66%
13/04/2016,119.66%
14/04/2016,119.65%
15/04/2016,119.64%
16/04/2016,119.63%
17/04/2016,119.62%
18/04/2016,119.62%
19/04/2016,119.61%
20/04/2016,119.60%
21/04/2016,119.59%
22/04/2016,119.58%
23/04/2016,119.58%
24/04/2016,119.57%
25/04/2016,119.56%
26/04/2016,119.55%
27/04/2016,119.54%
28/04/2016,119.53%
29/04/2016,119.53%
30/04/2016,119.52%
1/05/2016,119.51%
2/05/2016,119.50%
3/05/2016,119.49%
4/05/2016,119.49%
5/05/2016,119.48%
6/05/2016,119.47%
7/05/2016,119.46%
8/05/2016,119.45%
9/05/2016,119.45%
10/05/2016,119.44%
11/05/2016,119.43%
12/05/2016,119.42%
13/05/2016,119.41%
14/05/2016,119.41%
15/05/2016,119.40%
16/05/2016,119.39%
17/05/2016,119.38%
18/05/2016,119.37%
19/05/2016,119.37%
20/05/2016,119.36%
21/05/2016,119.35%
22/05/2016,119.34%
23/05/2016,119.33%
24/05/2016,119.32%
25/05/2016,119.32%
26/05/2016,119.31%
27/05/2016,119.30%
28/05/2016,119.29%
29/05/2016,119.28%
30/05/2016,119.28%
31/05/2016,119.27%
1/06/2016,119.26%
2/06/2016,119.25%
3/06/2016,119.24%
4/06/2016,119.24%
5/06/2016,119.23%
6/06/2016,119.22%
7/06/2016,119.21%
8/06/2016,119.20%
9/06/2016,119.20%
10/06/2016,119.19%
11/06/2016,119.18%
12/06/2016,119.17%
13/06/2016,119.16%
14/06/2016,119.16%
15/06/2016,119.15%
16/06/2016,119.14%
17/06/2016,119.13%
18/06/2016,119.12%
19/06/2016,119.12%
20/06/2016,119.11%
21/06/2016,119.10%
22/06/2016,119.09%
23/06/2016,119.08%
24/06/2016,119.07%
25/06/2016,119.07%
26/06/2016,119.06%
27/06/2016,119.05%
28/06/2016,119.04%
29/06/2016,119.03%
30/06/2016,119.03%
1/07/2016,119.02%
2/07/2016,119.01%
3/07/2016,119.01%
4/07/2016,119.00%
5/07/2016,119.00%
6/07/2016,118.99%
7/07/2016,118.99%
8/07/2016,118.98%
9/07/2016,118.98%
10/07/2016,118.97%
11/07/2016,118.97%
12/07/2016,118.96%
13/07/2016,118.96%
14/07/2016,118.95%
15/07/2016,118.94%
16/07/2016,118.94%
17/07/2016,118.93%
18/07/2016,118.93%
19/07/2016,118.92%
20/07/2016,118.92%
21/07/2016,118.91%
22/07/2016,118.91%
23/07/2016,118.90%
24/07/2016,118.90%
25/07/2016,118.89%
26/07/2016,118.89%
27/07/2016,118.88%
28/07/2016,118.88%
29/07/2016,118.87%
30/07/2016,118.87%
31/07/2016,118.86%
1/08/2016,118.85%
2/08/2016,118.85%
3/08/2016,118.84%
4/08/2016,118.84%
5/08/2016,118.83%
6/08/2016,118.83%
7/08/2016,118.82%
8/08/2016,118.82%
9/08/2016,118.81%
10/08/2016,118.81%
11/08/2016,118.80%
12/08/2016,118.80%
13/08/2016,118.79%
14/08/2016,118.79%
15/08/2016,118.78%
16/08/2016,118.78%
17/08/2016,118.77%
18/08/2016,118.77%
19/08/2016,118.76%
20/08/2016,118.75%
21/08/2016,118.75%
22/08/2016,118.74%
23/08/2016,118.74%
24/08/2016,118.73%
25/08/2016,118.73%
26/08/2016,118.72%
27/08/2016,118.72%
28/08/2016,118.71%
29/08/2016,118.71%
30/08/2016,118.70%
31/08/2016,118.70%
1/09/2016,118.69%
2/09/2016,118.69%
3/09/2016,118.68%
4/09/2016,118.68%
5/09/2016,118.67%
6/09/2016,118.67%
7/09/2016,118.66%
8/09/2016,118.65%
9/09/2016,118.65%
10/09/2016,118.64%
11/09/2016,118.64%
12/09/2016,118.63%
13/09/2016,118.63%
14/09/2016,118.62%
15/09/2016,118.62%
16/09/2016,118.61%
17/09/2016,118.61%
18/09/2016,118.60%
19/09/2016,118.60%
20/09/2016,118.59%
21/09/2016,118.59%
22/09/2016,118.58%
23/09/2016,118.58%
24/09/2016,118.57%
25/09/2016,118.57%
26/09/2016,118.56%
27/09/2016,118.55%
28/09/2016,118.55%
29/09/2016,118.54%
30/09/2016,118.54%
1/10/2016,118.53%
2/10/2016,118.53%
3/10/2016,118.52%
4/10/2016,118.51%
5/10/2016,118.51%
6/10/2016,118.50%
7/10/2016,118.49%
8/10/2016,118.49%
9/10/2016,118.48%
10/10/2016,118.47%
11/10/2016,118.47%
12/10/2016,118.46%
13/10/2016,118.46%
14/10/2016,118.45%
15/10/2016,118.44%
16/10/2016,118.44%
17/10/2016,118.43%
18/10/2016,118.42%
19/10/2016,118.42%
20/10/2016,118.41%
21/10/2016,118.40%
22/10/2016,118.40%
23/10/2016,118.39%
24/10/2016,118.38%
25/10/2016,118.38%
26/10/2016,118.37%
27/10/2016,118.36%
28/10/2016,118.36%
29/10/2016,118.35%
30/10/2016,118.34%
31/10/2016,118.34%
1/11/2016,118.33%
2/11/2016,118.32%
3/11/2016,118.32%
4/11/2016,118.31%
5/11/2016,118.30%
6/11/2016,118.30%
7/11/2016,118.29%
8/11/2016,118.29%
9/11/2016,118.28%
10/11/2016,118.27%
11/11/2016,118.27%
12/11/2016,118.26%
13/11/2016,118.25%
14/11/2016,118.25%
15/11/2016,118.24%
16/11/2016,118.23%
17/11/2016,118.23%
18/11/2016,118.22%
19/11/2016,118.21%
20/11/2016,118.21%
21/11/2016,118.20%
22/11/2016,118.19%
23/11/2016,118.19%
24/11/2016,118.18%
25/11/2016,118.17%
26/11/2016,118.17%
27/11/2016,118.16%
28/11/2016,118.15%
29/11/2016,118.15%
30/11/2016,118.14%
1/12/2016,118.14%
2/12/2016,118.13%
3/12/2016,118.12%
4/12/2016,118.12%
5/12/2016,118.11%
6/12/2016,118.10%
7/12/2016,118.10%
8/12/2016,118.09%
9/12/2016,118.08%
10/12/2016,118.08%
11/12/2016,118.07%
12/12/2016,118.06%
13/12/2016,118.06%
14/12/2016,118.05%
15/12/2016,118.04%
16/12/2016,118.04%
17/12/2016,118.03%
18/12/2016,118.02%
19/12/2016,118.02%
20/12/2016,118.01%
21/12/2016,118.00%
22/12/2016,118.00%
23/12/2016,117.99%
24/12/2016,117.99%
25/12/2016,117.98%
26/12/2016,117.97%
27/12/2016,117.97%
28/12/2016,117.96%
29/12/2016,117.95%
30/12/2016,117.95%
31/12/2016,117.94%
1/01/2017,117.93%
2/01/2017,117.93%
3/01/2017,117.92%
4/01/2017,117.91%
5/01/2017,117.90%
6/01/2017,117.89%
7/01/2017,117.89%
8/01/2017,117.88%
9/01/2017,117.87%
10/01/2017,117.86%
11/01/2017,117.85%
12/01/2017,117.85%
13/01/2017,117.84%
14/01/2017,117.83%
15/01/2017,117.82%
16/01/2017,117.81%
17/01/2017,117.81%
18/01/2017,117.80%
19/01/2017,117.79%
20/01/2017,117.78%
21/01/2017,117.77%
22/01/2017,117.77%
23/01/2017,117.76%
24/01/2017,117.75%
25/01/2017,117.74%
26/01/2017,117.73%
27/01/2017,117.73%
28/01/2017,117.72%
29/01/2017,117.71%
30/01/2017,117.70%
31/01/2017,117.70%
1/02/2017,117.69%
2/02/2017,117.68%
3/02/2017,117.67%
4/02/2017,117.66%
5/02/2017,117.66%
6/02/2017,117.65%
7/02/2017,117.64%
8/02/2017,117.63%
9/02/2017,117.62%
10/02/2017,117.62%
11/02/2017,117.61%
12/02/2017,117.60%
13/02/2017,117.59%
14/02/2017,117.58%
15/02/2017,117.58%
16/02/2017,117.57%
17/02/2017,117.56%
18/02/2017,117.55%
19/02/2017,117.54%
20/02/2017,117.54%
21/02/2017,117.53%
22/02/2017,117.52%
23/02/2017,117.51%
24/02/2017,117.51%
25/02/2017,117.50%
26/02/2017,117.49%
27/02/2017,117.48%
28/02/2017,117.47%
1/03/2017,117.47%
2/03/2017,117.46%
3/03/2017,117.45%
4/03/2017,117.44%
5/03/2017,117.43%
6/03/2017,117.43%
7/03/2017,117.42%
8/03/2017,117.41%
9/03/2017,117.40%
10/03/2017,117.39%
11/03/2017,117.39%
12/03/2017,117.38%
13/03/2017,117.37%
14/03/2017,117.36%
15/03/2017,117.35%
16/03/2017,117.35%
17/03/2017,117.34%
18/03/2017,117.33%
19/03/2017,117.32%
20/03/2017,117.32%
21/03/2017,117.31%
22/03/2017,117.30%
23/03/2017,117.29%
24/03/2017,117.28%
25/03/2017,117.28%
26/03/2017,117.27%
27/03/2017,117.26%
28/03/2017,117.25%
29/03/2017,117.24%
30/03/2017,117.24%
31/03/2017,117.23%
1/04/2017,117.22%
2/04/2017,117.22%
3/04/2017,117.21%
4/04/2017,117.21%
5/04/2017,117.21%
6/04/2017,117.20%
7/04/2017,117.20%
8/04/2017,117.19%
9/04/2017,117.19%
10/04/2017,117.19%
11/04/2017,117.18%
12/04/2017,117.18%
13/04/2017,117.17%
14/04/2017,117.17%
15/04/2017,117.17%
16/04/2017,117.16%
17/04/2017,117.16%
18/04/2017,117.15%
19/04/2017,117.15%
20/04/2017,117.15%
21/04/2017,117.14%
22/04/2017,117.14%
23/04/2017,117.14%
24/04/2017,117.13%
25/04/2017,117.13%
26/04/2017,117.12%
27/04/2017,117.12%
28/04/2017,117.12%
29/04/2017,117.11%
30/04/2017,117.11%
1/05/2017,117.10%
2/05/2017,117.10%
3/05/2017,117.10%
4/05/2017,117.09%
5/05/2017,117.09%
6/05/2017,117.08%
7/05/2017,117.08%
8/05/2017,117.08%
9/05/2017,117.07%
10/05/2017,117.07%
11/05/2017,117.07%
12/05/2017,117.06%
13/05/2017,117.06%
14/05/2017,117.05%
15/05/2017,117.05%
16/05/2017,117.05%
17/05/2017,117.04%
18/05/2017,117.04%
19/05/2017,117.03%
20/05/2017,117.03%
21/05/2017,117.03%
22/05/2017,117.02%
23/05/2017,117.02%
24/05/2017,117.01%
25/05/2017,117.01%
26/05/2017,117.01%
27/05/2017,117.00%
28/05/2017,117.00%
29/05/2017,117.00%
30/05/2017,116.99%
31/05/2017,116.99%
1/06/2017,116.98%
2/06/2017,116.98%
3/06/2017,116.98%
4/06/2017,116.97%
5/06/2017,116.97%
6/06/2017,116.96%
7/06/2017,116.96%
8/06/2017,116.96%
9/06/2017,116.95%
10/06/2017,116.95%
11/06/2017,116.94%
12/06/2017,116.94%
13/06/2017,116.94%
14/06/2017,116.93%
15/06/2017,116.93%
16/06/2017,116.93%
17/06/2017,116.92%
18/06/2017,116.92%
19/06/2017,116.91%
20/06/2017,116.91%
21/06/2017,116.91%
22/06/2017,116.90%
23/06/2017,116.90%
24/06/2017,116.89%
25/06/2017,116.89%
26/06/2017,116.89%
27/06/2017,116.88%
28/06/2017,116.88%
29/06/2017,116.88%
30/06/2017,116.87%
1/07/2017,116.87%
2/07/2017,116.86%
3/07/2017,116.86%
4/07/2017,116.85%
5/07/2017,116.85%
6/07/2017,116.84%
7/07/2017,116.84%
8/07/2017,116.83%
9/07/2017,116.83%
10/07/2017,116.82%
11/07/2017,116.82%
12/07/2017,116.81%
13/07/2017,116.81%
14/07/2017,116.80%
15/07/2017,116.80%
16/07/2017,116.79%
17/07/2017,116.79%
18/07/2017,116.78%
19/07/2017,116.78%
20/07/2017,116.77%
21/07/2017,116.77%
22/07/2017,116.76%
23/07/2017,116.76%
24/07/2017,116.75%
25/07/2017,116.75%
26/07/2017,116.74%
27/07/2017,116.74%
28/07/2017,116.73%
29/07/2017,116.73%
30/07/2017,116.72%
31/07/2017,116.71%
1/08/2017,116.71%
2/08/2017,116.70%
3/08/2017,116.70%
4/08/2017,116.69%
5/08/2017,116.69%
6/08/2017,116.68%
7/08/2017,116.68%
8/08/2017,116.67%
9/08/2017,116.67%
10/08/2017,116.66%
11/08/2017,116.66%
12/08/2017,116.65%
13/08/2017,116.65%
14/08/2017,116.64%
15/08/2017,116.64%
16/08/2017,116.63%
17/08/2017,116.63%
18/08/2017,116.62%
19/08/2017,116.62%
20/08/2017,116.61%
21/08/2017,116.61%
22/08/2017,116.60%
23/08/2017,116.60%
24/08/2017,116.59%
25/08/2017,116.59%
26/08/2017,116.58%
27/08/2017,116.58%
28/08/2017,116.57%
29/08/2017,116.57%
30/08/2017,116.56%
31/08/2017,116.56%
1/09/2017,116.55%
2/09/2017,116.55%
3/09/2017,116.54%
4/09/2017,116.54%
5/09/2017,116.53%
6/09/2017,116.53%
7/09/2017,116.52%
8/09/2017,116.52%
9/09/2017,116.51%
10/09/2017,116.51%
11/09/2017,116.50%
12/09/2017,116.50%
13/09/2017,116.49%
14/09/2017,116.49%
15/09/2017,116.48%
16/09/2017,116.48%
17/09/2017,116.47%
18/09/2017,116.47%
19/09/2017,116.46%
20/09/2017,116.46%
21/09/2017,116.45%
22/09/2017,116.45%
23/09/2017,116.44%
24/09/2017,116.44%
25/09/2017,116.43%
26/09/2017,116.43%
27/09/2017,116.42%
28/09/2017,116.42%
29/09/2017,116.41%
30/09/2017,116.41%
1/10/2017,116.40%
2/10/2017,116.39%
3/10/2017,116.39%
4/10/2017,116.38%
5/10/2017,116.37%
6/10/2017,116.36%
7/10/2017,116.36%
8/10/2017,116.35%
9/10/2017,116.34%
10/10/2017,116.33%
11/10/2017,116.33%
12/10/2017,116.32%
13/10/2017,116.31%
14/10/2017,116.30%
15/10/2017,116.30%
16/10/2017,116.29%
17/10/2017,116.28%
18/10/2017,116.27%
19/10/2017,116.27%
20/10/2017,116.26%
21/10/2017,116.25%
22/10/2017,116.24%
23/10/2017,116.24%
24/10/2017,116.23%
25/10/2017,116.22%
26/10/2017,116.21%
27/10/2017,116.21%
28/10/2017,116.20%
29/10/2017,116.19%
30/10/2017,116.18%
31/10/2017,116.18%
1/11/2017,116.17%
2/11/2017,116.15%
3/11/2017,116.13%
4/11/2017,116.11%
5/11/2017,116.09%
6/11/2017,116.07%
7/11/2017,116.05%
8/11/2017,116.03%
9/11/2017,116.01%
10/11/2017,115.99%
11/11/2017,115.98%
12/11/2017,115.96%
13/11/2017,115.94%
14/11/2017,115.92%
15/11/2017,115.90%
16/11/2017,115.88%
17/11/2017,115.86%
18/11/2017,115.84%
19/11/2017,115.82%
20/11/2017,115.80%
21/11/2017,115.78%
22/11/2017,115.76%
23/11/2017,115.74%
24/11/2017,115.73%
25/11/2017,115.71%
26/11/2017,115.69%
27/11/2017,115.67%
28/11/2017,115.65%
29/11/2017,115.63%
30/11/2017,115.61%
1/12/2017,115.59%
2/12/2017,115.59%
3/12/2017,115.58%
4/12/2017,115.58%
5/12/2017,115.58%
6/12/2017,115.57%
7/12/2017,115.57%
8/12/2017,115.56%
9/12/2017,115.56%
10/12/2017,115.56%
11/12/2017,115.55%
12/12/2017,115.55%
13/12/2017,115.55%
14/12/2017,115.54%
15/12/2017,115.54%
16/12/2017,115.54%
17/12/2017,115.53%
18/12/2017,115.53%
19/12/2017,115.52%
20/12/2017,115.52%
21/12/2017,115.52%
22/12/2017,115.51%
23/12/2017,115.51%
24/12/2017,115.51%
25/12/2017,115.50%
26/12/2017,115.50%
27/12/2017,115.49%
28/12/2017,115.49%
29/12/2017,115.49%
30/12/2017,115.48%
31/12/2017,115.48%
1/01/2018,115.48%
2/01/2018,115.47%
3/01/2018,115.47%
4/01/2018,115.47%
5/01/2018,115.46%
6/01/2018,115.46%
7/01/2018,115.45%
8/01/2018,115.45%
9/01/2018,115.45%
10/01/2018,115.44%
11/01/2018,115.44%
12/01/2018,115.44%
13/01/2018,115.43%
14/01/2018,115.43%
15/01/2018,115.42%
16/01/2018,115.42%
17/01/2018,115.42%
18/01/2018,115.41%
19/01/2018,115.41%
20/01/2018,115.41%
21/01/2018,115.40%
22/01/2018,115.40%
23/01/2018,115.39%
24/01/2018,115.39%
25/01/2018,115.39%
26/01/2018,115.38%
27/01/2018,115.38%
28/01/2018,115.38%
29/01/2018,115.37%
30/01/2018,115.37%
31/01/2018,115.37%
1/02/2018,115.36%
2/02/2018,115.36%
3/02/2018,115.35%
4/02/2018,115.35%
5/02/2018,115.35%
6/02/2018,115.34%
7/02/2018,115.34%
8/02/2018,115.33%
9/02/2018,115.33%
10/02/2018,115.33%
11/02/2018,115.32%
12/02/2018,115.32%
13/02/2018,115.31%
14/02/2018,115.31%
15/02/2018,115.30%
16/02/2018,115.30%
17/02/2018,115.30%
18/02/2018,115.29%
19/02/2018,115.29%
20/02/2018,115.28%
21/02/2018,115.28%
22/02/2018,115.28%
23/02/2018,115.27%
24/02/2018,115.27%
25/02/2018,115.26%
26/02/2018,115.26%
27/02/2018,115.26%
28/02/2018,115.25%
1/03/2018,115.25%
2/03/2018,115.24%
3/03/2018,115.24%
4/03/2018,115.24%
5/03/2018,115.23%
6/03/2018,115.23%
7/03/2018,115.23%
8/03/2018,115.22%
9/03/2018,115.22%
10/03/2018,115.21%
11/03/2018,115.21%
12/03/2018,115.21%
13/03/2018,115.20%
14/03/2018,115.20%
15/03/2018,115.20%
16/03/2018,115.19%
17/03/2018,115.19%
18/03/2018,115.19%
19/03/2018,115.18%
20/03/2018,115.18%
21/03/2018,115.17%
22/03/2018,115.17%
23/03/2018,115.17%
24/03/2018,115.16%
25/03/2018,115.16%
26/03/2018,115.16%
27/03/2018,115.15%
28/03/2018,115.15%
29/03/2018,115.14%
30/03/2018,115.14%
31/03/2018,115.14%
1/04/2018,115.13%
2/04/2018,115.12%
3/04/2018,115.11%
4/04/2018,115.10%
5/04/2018,115.09%
6/04/2018,115.08%
7/04/2018,115.07%
8/04/2018,115.05%
9/04/2018,115.04%
10/04/2018,115.03%
11/04/2018,115.02%
12/04/2018,115.01%
13/04/2018,115.00%
14/04/2018,114.99%
15/04/2018,114.97%
16/04/2018,114.96%
17/04/2018,114.95%
18/04/2018,114.94%
19/04/2018,114.93%
20/04/2018,114.92%
21/04/2018,114.91%
22/04/2018,114.89%
23/04/2018,114.88%
24/04/2018,114.87%
25/04/2018,114.86%
26/04/2018,114.85%
27/04/2018,114.84%
28/04/2018,114.83%
29/04/2018,114.82%
30/04/2018,114.80%
1/05/2018,114.79%
2/05/2018,114.78%
3/05/2018,114.77%
4/05/2018,114.76%
5/05/2018,114.75%
6/05/2018,114.74%
7/05/2018,114.73%
8/05/2018,114.72%
9/05/2018,114.71%
10/05/2018,114.69%
11/05/2018,114.68%
12/05/2018,114.67%
13/05/2018,114.66%
14/05/2018,114.65%
15/05/2018,114.64%
16/05/2018,114.63%
17/05/2018,114.62%
18/05/2018,114.61%
19/05/2018,114.60%
20/05/2018,114.59%
21/05/2018,114.57%
22/05/2018,114.56%
23/05/2018,114.55%
24/05/2018,114.54%
25/05/2018,114.53%
26/05/2018,114.52%
27/05/2018,114.51%
28/05/2018,114.50%
29/05/2018,114.49%
30/05/2018,114.48%
31/05/2018,114.47%
1/06/2018,114.45%
2/06/2018,114.46%
3/06/2018,114.46%
4/06/2018,114.47%
5/06/2018,114.47%
6/06/2018,114.47%
7/06/2018,114.48%
8/06/2018,114.48%
9/06/2018,114.48%
10/06/2018,114.49%
11/06/2018,114.49%
12/06/2018,114.50%
13/06/2018,114.50%
14/06/2018,114.50%
15/06/2018,114.51%
16/06/2018,114.51%
17/06/2018,114.51%
18/06/2018,114.52%
19/06/2018,114.52%
20/06/2018,114.53%
21/06/2018,114.53%
22/06/2018,114.53%
23/06/2018,114.54%
24/06/2018,114.54%
25/06/2018,114.54%
26/06/2018,114.55%
27/06/2018,114.55%
28/06/2018,114.56%
29/06/2018,114.56%
30/06/2018,114.56%
1/07/2018,114.57%
2/07/2018,114.55%
3/07/2018,114.54%
4/07/2018,114.52%
5/07/2018,114.51%
6/07/2018,114.49%
7/07/2018,114.48%
8/07/2018,114.47%
9/07/2018,114.45%
10/07/2018,114.44%
11/07/2018,114.42%
12/07/2018,114.41%
13/07/2018,114.39%
14/07/2018,114.38%
15/07/2018,114.36%
16/07/2018,114.35%
17/07/2018,114.33%
18/07/2018,114.32%
19/07/2018,114.31%
20/07/2018,114.29%
21/07/2018,114.28%
22/07/2018,114.26%
23/07/2018,114.25%
24/07/2018,114.23%
25/07/2018,114.22%
26/07/2018,114.20%
27/07/2018,114.19%
28/07/2018,114.18%
29/07/2018,114.16%
30/07/2018,114.15%
31/07/2018,114.13%
1/08/2018,114.12%
2/08/2018,114.12%
3/08/2018,114.12%
4/08/2018,114.13%
5/08/2018,114.13%
6/08/2018,114.14%
7/08/2018,114.14%
8/08/2018,114.14%
9/08/2018,114.15%
10/08/2018,114.15%
11/08/2018,114.15%
12/08/2018,114.16%
13/08/2018,114.16%
14/08/2018,114.16%
15/08/2018,114.17%
16/08/2018,114.17%
17/08/2018,114.18%
18/08/2018,114.18%
19/08/2018,114.18%
20/08/2018,114.19%
21/08/2018,114.19%
22/08/2018,114.19%
23/08/2018,114.20%
24/08/2018,114.20%
25/08/2018,114.20%
26/08/2018,114.21%
27/08/2018,114.21%
28/08/2018,114.22%
29/08/2018,114.22%
30/08/2018,114.22%
31/08/2018,114.23%
1/09/2018,114.23%
2/09/2018,114.22%
3/09/2018,114.21%
4/09/2018,114.21%
5/09/2018,114.20%
6/09/2018,114.19%
7/09/2018,114.18%
8/09/2018,114.18%
9/09/2018,114.17%
10/09/2018,114.16%
11/09/2018,114.16%
12/09/2018,114.15%
13/09/2018,114.14%
14/09/2018,114.13%
15/09/2018,114.13%
16/09/2018,114.12%
17/09/2018,114.11%
18/09/2018,114.10%
19/09/2018,114.10%
20/09/2018,114.09%
21/09/2018,114.08%
22/09/2018,114.07%
23/09/2018,114.07%
24/09/2018,114.06%
25/09/2018,114.05%
26/09/2018,114.04%
27/09/2018,114.04%
28/09/2018,114.03%
29/09/2018,114.02%
30/09/2018,114.01%
1/10/2018,114.01%
2/10/2018,113.99%
3/10/2018,113.98%
4/10/2018,113.96%
5/10/2018,113.95%
6/10/2018,113.93%
7/10/2018,113.92%
8/10/2018,113.91%
9/10/2018,113.89%
10/10/2018,113.88%
11/10/2018,113.86%
12/10/2018,113.85%
13/10/2018,113.83%
14/10/2018,113.82%
15/10/2018,113.80%
16/10/2018,113.79%
17/10/2018,113.78%
18/10/2018,113.76%
19/10/2018,113.75%
20/10/2018,113.73%
21/10/2018,113.72%
22/10/2018,113.70%
23/10/2018,113.69%
24/10/2018,113.68%
25/10/2018,113.66%
26/10/2018,113.65%
27/10/2018,113.63%
28/10/2018,113.62%
29/10/2018,113.60%
30/10/2018,113.59%
31/10/2018,113.58%
1/11/2018,113.56%
2/11/2018,113.57%
3/11/2018,113.58%
4/11/2018,113.58%
5/11/2018,113.59%
6/11/2018,113.60%
7/11/2018,113.61%
8/11/2018,113.61%
9/11/2018,113.62%
10/11/2018,113.63%
11/11/2018,113.63%
12/11/2018,113.64%
13/11/2018,113.65%
14/11/2018,113.66%
15/11/2018,113.66%
16/11/2018,113.67%
17/11/2018,113.68%
18/11/2018,113.69%
19/11/2018,113.69%
20/11/2018,113.70%
21/11/2018,113.71%
22/11/2018,113.72%
23/11/2018,113.72%
24/11/2018,113.73%
25/11/2018,113.74%
26/11/2018,113.75%
27/11/2018,113.75%
28/11/2018,113.76%
29/11/2018,113.77%
30/11/2018,113.78%
1/12/2018,113.78%
2/12/2018,113.79%
3/12/2018,113.79%
4/12/2018,113.79%
5/12/2018,113.80%
6/12/2018,113.80%
7/12/2018,113.80%
8/12/2018,113.81%
9/12/2018,113.81%
10/12/2018,113.82%
11/12/2018,113.82%
12/12/2018,113.82%
13/12/2018,113.83%
14/12/2018,113.83%
15/12/2018,113.83%
16/12/2018,113.84%
17/12/2018,113.84%
18/12/2018,113.84%
19/12/2018,113.85%
20/12/2018,113.85%
21/12/2018,113.85%
22/12/2018,113.86%
23/12/2018,113.86%
24/12/2018,113.87%
25/12/2018,113.87%
26/12/2018,113.87%
27/12/2018,113.88%
28/12/2018,113.88%
29/12/2018,113.88%
30/12/2018,113.89%
31/12/2018,113.89%
1/01/2019,113.89%
2/01/2019,113.90%
3/01/2019,113.90%
4/01/2019,113.91%
5/01/2019,113.91%
6/01/2019,113.91%
7/01/2019,113.92%
8/01/2019,113.92%
9/01/2019,113.92%
10/01/2019,113.93%
11/01/2019,113.93%
12/01/2019,113.93%
13/01/2019,113.94%
14/01/2019,113.94%
15/01/2019,113.94%
16/01/2019,113.95%
17/01/2019,113.95%
18/01/2019,113.96%
19/01/2019,113.96%
20/01/2019,113.96%
21/01/2019,113.97%
22/01/2019,113.97%
23/01/2019,113.97%
24/01/2019,113.98%
25/01/2019,113.98%
26/01/2019,113.98%
27/01/2019,113.99%
28/01/2019,113.99%
29/01/2019,114.00%
30/01/2019,114.00%
31/01/2019,114.00%
1/02/2019,114.01%
2/02/2019,113.99%
3/02/2019,113.97%
4/02/2019,113.95%
5/02/2019,113.93%
6/02/2019,113.91%
7/02/2019,113.89%
8/02/2019,113.87%
9/02/2019,113.85%
10/02/2019,113.83%
11/02/2019,113.81%
12/02/2019,113.79%
13/02/2019,113.77%
14/02/2019,113.75%
15/02/2019,113.73%
16/02/2019,113.71%
17/02/2019,113.69%
18/02/2019,113.67%
19/02/2019,113.65%
20/02/2019,113.63%
21/02/2019,113.61%
22/02/2019,113.59%
23/02/2019,113.57%
24/02/2019,113.55%
25/02/2019,113.53%
26/02/2019,113.51%
27/02/2019,113.49%
28/02/2019,113.47%
1/03/2019,113.45%
2/03/2019,113.44%
3/03/2019,113.44%
4/03/2019,113.43%
5/03/2019,113.42%
6/03/2019,113.41%
7/03/2019,113.41%
8/03/2019,113.40%
9/03/2019,113.39%
10/03/2019,113.39%
11/03/2019,113.38%
12/03/2019,113.37%
13/03/2019,113.36%
14/03/2019,113.36%
15/03/2019,113.35%
16/03/2019,113.34%
17/03/2019,113.34%
18/03/2019,113.33%
19/03/2019,113.32%
20/03/2019,113.31%
21/03/2019,113.31%
22/03/2019,113.30%
23/03/2019,113.29%
24/03/2019,113.29%
25/03/2019,113.28%
26/03/2019,113.27%
27/03/2019,113.27%
28/03/2019,113.26%
29/03/2019,113.25%
30/03/2019,113.24%
31/03/2019,113.24%
1/04/2019,113.23%
2/04/2019,113.21%
3/04/2019,113.20%
4/04/2019,113.19%
5/04/2019,113.17%
6/04/2019,113.16%
7/04/2019,113.14%
8/04/2019,113.13%
9/04/2019,113.11%
10/04/2019,113.10%
11/04/2019,113.08%
12/04/2019,113.07%
13/04/2019,113.05%
14/04/2019,113.04%
15/04/2019,113.02%
16/04/2019,113.01%
17/04/2019,113.00%
18/04/2019,112.98%
19/04/2019,112.97%
20/04/2019,112.95%
21/04/2019,112.94%
22/04/2019,112.92%
23/04/2019,112.91%
24/04/2019,112.89%
25/04/2019,112.88%
26/04/2019,112.86%
27/04/2019,112.85%
28/04/2019,112.83%
29/04/2019,112.82%
30/04/2019,112.81%
1/05/2019,112.79%
2/05/2019,112.79%
3/05/2019,112.79%
4/05/2019,112.79%
5/05/2019,112.79%
6/05/2019,112.79%
7/05/2019,112.79%
8/05/2019,112.79%
9/05/2019,112.79%
10/05/2019,112.79%
11/05/2019,112.79%
12/05/2019,112.79%
13/05/2019,112.79%
14/05/2019,112.79%
15/05/2019,112.79%
16/05/2019,112.79%
17/05/2019,112.79%
18/05/2019,112.79%
19/05/2019,112.79%
20/05/2019,112.79%
21/05/2019,112.79%
22/05/2019,112.79%
23/05/2019,112.79%
24/05/2019,112.79%
25/05/2019,112.79%
26/05/2019,112.79%
27/05/2019,112.79%
28/05/2019,112.79%
29/05/2019,112.79%
30/05/2019,112.79%
31/05/2019,112.79%
1/06/2019,112.79%
2/06/2019,112.79%
3/06/2019,112.80%
4/06/2019,112.80%
5/06/2019,112.81%
6/06/2019,112.81%
7/06/2019,112.81%
8/06/2019,112.82%
9/06/2019,112.82%
10/06/2019,112.82%
11/06/2019,112.83%
12/06/2019,112.83%
13/06/2019,112.83%
14/06/2019,112.84%
15/06/2019,112.84%
16/06/2019,112.85%
17/06/2019,112.85%
18/06/2019,112.85%
19/06/2019,112.86%
20/06/2019,112.86%
21/06/2019,112.86%
22/06/2019,112.87%
23/06/2019,112.87%
24/06/2019,112.87%
25/06/2019,112.88%
26/06/2019,112.88%
27/06/2019,112.89%
28/06/2019,112.89%
29/06/2019,112.89%
30/06/2019,112.90%
1/07/2019,112.90%
2/07/2019,112.89%
3/07/2019,112.87%
4/07/2019,112.86%
5/07/2019,112.84%
6/07/2019,112.83%
7/07/2019,112.82%
8/07/2019,112.80%
9/07/2019,112.79%
10/07/2019,112.77%
11/07/2019,112.76%
12/07/2019,112.75%
13/07/2019,112.73%
14/07/2019,112.72%
15/07/2019,112.70%
16/07/2019,112.69%
17/07/2019,112.67%
18/07/2019,112.66%
19/07/2019,112.65%
20/07/2019,112.63%
21/07/2019,112.62%
22/07/2019,112.60%
23/07/2019,112.59%
24/07/2019,112.58%
25/07/2019,112.56%
26/07/2019,112.55%
27/07/2019,112.53%
28/07/2019,112.52%
29/07/2019,112.51%
30/07/2019,112.49%
31/07/2019,112.48%
1/08/2019,112.46%
2/08/2019,112.46%
3/08/2019,112.46%
4/08/2019,112.46%
5/08/2019,112.46%
6/08/2019,112.46%
7/08/2019,112.46%
8/08/2019,112.46%
9/08/2019,112.46%
10/08/2019,112.46%
11/08/2019,112.46%
12/08/2019,112.46%
13/08/2019,112.46%
14/08/2019,112.46%
15/08/2019,112.46%
16/08/2019,112.46%
17/08/2019,112.46%
18/08/2019,112.46%
19/08/2019,112.46%
20/08/2019,112.46%
21/08/2019,112.46%
22/08/2019,112.46%
23/08/2019,112.46%
24/08/2019,112.46%
25/08/2019,112.46%
26/08/2019,112.46%
27/08/2019,112.46%
28/08/2019,112.46%
29/08/2019,112.46%
30/08/2019,112.46%
31/08/2019,112.46%
1/09/2019,112.46%
2/09/2019,112.46%
3/09/2019,112.45%
4/09/2019,112.44%
5/09/2019,112.43%
6/09/2019,112.43%
7/09/2019,112.42%
8/09/2019,112.41%
9/09/2019,112.41%
10/09/2019,112.40%
11/09/2019,112.39%
12/09/2019,112.38%
13/09/2019,112.38%
14/09/2019,112.37%
15/09/2019,112.36%
16/09/2019,112.36%
17/09/2019,112.35%
18/09/2019,112.34%
19/09/2019,112.33%
20/09/2019,112.33%
21/09/2019,112.32%
22/09/2019,112.31%
23/09/2019,112.30%
24/09/2019,112.30%
25/09/2019,112.29%
26/09/2019,112.28%
27/09/2019,112.28%
28/09/2019,112.27%
29/09/2019,112.26%
30/09/2019,112.25%
1/10/2019,112.25%
2/10/2019,112.23%
3/10/2019,112.21%
4/10/2019,112.19%
5/10/2019,112.18%
6/10/2019,112.16%
7/10/2019,112.14%
8/10/2019,112.13%
9/10/2019,112.11%
10/10/2019,112.09%
11/10/2019,112.07%
12/10/2019,112.06%
13/10/2019,112.04%
14/10/2019,112.02%
15/10/2019,112.00%
16/10/2019,111.99%
17/10/2019,111.97%
18/10/2019,111.95%
19/10/2019,111.93%
20/10/2019,111.92%
21/10/2019,111.90%
22/10/2019,111.88%
23/10/2019,111.86%
24/10/2019,111.85%
25/10/2019,111.83%
26/10/2019,111.81%
27/10/2019,111.79%
28/10/2019,111.78%
29/10/2019,111.76%
30/10/2019,111.74%
31/10/2019,111.73%
1/11/2019,111.71%
2/11/2019,111.71%
3/11/2019,111.72%
4/11/2019,111.72%
5/11/2019,111.72%
6/11/2019,111.73%
7/11/2019,111.73%
8/11/2019,111.73%
9/11/2019,111.74%
10/11/2019,111.74%
11/11/2019,111.74%
12/11/2019,111.75%
13/11/2019,111.75%
14/11/2019,111.75%
15/11/2019,111.76%
16/11/2019,111.76%
17/11/2019,111.77%
18/11/2019,111.77%
19/11/2019,111.77%
20/11/2019,111.78%
21/11/2019,111.78%
22/11/2019,111.78%
23/11/2019,111.79%
24/11/2019,111.79%
25/11/2019,111.79%
26/11/2019,111.80%
27/11/2019,111.80%
28/11/2019,111.80%
29/11/2019,111.81%
30/11/2019,111.81%
1/12/2019,111.82%
2/12/2019,111.80%
3/12/2019,111.79%
4/12/2019,111.77%
5/12/2019,111.76%
6/12/2019,111.75%
7/12/2019,111.73%
8/12/2019,111.72%
9/12/2019,111.70%
10/12/2019,111.69%
11/12/2019,111.68%
12/12/2019,111.66%
13/12/2019,111.65%
14/12/2019,111.64%
15/12/2019,111.62%
16/12/2019,111.61%
17/12/2019,111.59%
18/12/2019,111.58%
19/12/2019,111.57%
20/12/2019,111.55%
21/12/2019,111.54%
22/12/2019,111.53%
23/12/2019,111.51%
24/12/2019,111.50%
25/12/2019,111.48%
26/12/2019,111.47%
27/12/2019,111.46%
28/12/2019,111.44%
29/12/2019,111.43%
30/12/2019,111.42%
31/12/2019,111.40%
1/01/2020,111.39%
2/01/2020,111.38%
3/01/2020,111.37%
4/01/2020,111.37%
5/01/2020,111.36%
6/01/2020,111.35%
7/01/2020,111.35%
8/01/2020,111.34%
9/01/2020,111.33%
10/01/2020,111.33%
11/01/2020,111.32%
12/01/2020,111.31%
13/01/2020,111.31%
14/01/2020,111.30%
15/01/2020,111.29%
16/01/2020,111.28%
17/01/2020,111.28%
18/01/2020,111.27%
19/01/2020,111.26%
20/01/2020,111.26%
21/01/2020,111.25%
22/01/2020,111.24%
23/01/2020,111.24%
24/01/2020,111.23%
25/01/2020,111.22%
26/01/2020,111.22%
27/01/2020,111.21%
28/01/2020,111.20%
29/01/2020,111.20%
30/01/2020,111.19%
31/01/2020,111.18%
1/02/2020,111.17%
2/02/2020,111.17%
3/02/2020,111.17%
4/02/2020,111.17%
5/02/2020,111.17%
6/02/2020,111.17%
7/02/2020,111.17%
8/02/2020,111.17%
9/02/2020,111.17%
10/02/2020,111.17%
11/02/2020,111.17%
12/02/2020,111.17%
13/02/2020,111.17%
14/02/2020,111.17%
15/02/2020,111.17%
16/02/2020,111.17%
17/02/2020,111.17%
18/02/2020,111.17%
19/02/2020,111.17%
20/02/2020,111.17%
21/02/2020,111.17%
22/02/2020,111.17%
23/02/2020,111.17%
24/02/2020,111.17%
25/02/2020,111.17%
26/02/2020,111.17%
27/02/2020,111.17%
28/02/2020,111.17%
29/02/2020,111.17%
1/03/2020,111.17%
2/03/2020,111.16%
3/03/2020,111.15%
4/03/2020,111.13%
5/03/2020,111.12%
6/03/2020,111.11%
7/03/2020,111.09%
8/03/2020,111.08%
9/03/2020,111.07%
10/03/2020,111.05%
11/03/2020,111.04%
12/03/2020,111.02%
13/03/2020,111.01%
14/03/2020,111.00%
15/03/2020,110.98%
16/03/2020,110.97%
17/03/2020,110.96%
18/03/2020,110.94%
19/03/2020,110.93%
20/03/2020,110.92%
21/03/2020,110.90%
22/03/2020,110.89%
23/03/2020,110.87%
24/03/2020,110.86%
25/03/2020,110.85%
26/03/2020,110.83%
27/03/2020,110.82%
28/03/2020,110.81%
29/03/2020,110.79%
30/03/2020,110.78%
31/03/2020,110.77%
1/04/2020,110.75%
2/04/2020,110.82%
3/04/2020,110.88%
4/04/2020,110.94%
5/04/2020,111.01%
6/04/2020,111.07%
7/04/2020,111.13%
8/04/2020,111.20%
9/04/2020,111.26%
10/04/2020,111.33%
11/04/2020,111.39%
12/04/2020,111.46%
13/04/2020,111.52%
14/04/2020,111.58%
15/04/2020,111.65%
16/04/2020,111.71%
17/04/2020,111.78%
18/04/2020,111.84%
19/04/2020,111.91%
20/04/2020,111.97%
21/04/2020,112.03%
22/04/2020,112.10%
23/04/2020,112.16%
24/04/2020,112.23%
25/04/2020,112.29%
26/04/2020,112.36%
27/04/2020,112.42%
28/04/2020,112.49%
29/04/2020,112.55%
30/04/2020,112.62%
1/05/2020,112.68%
2/05/2020,112.69%
3/05/2020,112.70%
4/05/2020,112.71%
5/05/2020,112.72%
6/05/2020,112.73%
7/05/2020,112.74%
8/05/2020,112.76%
9/05/2020,112.77%
10/05/2020,112.78%
11/05/2020,112.79%
12/05/2020,112.80%
13/05/2020,112.81%
14/05/2020,112.82%
15/05/2020,112.83%
16/05/2020,112.84%
17/05/2020,112.85%
18/05/2020,112.86%
19/05/2020,112.87%
20/05/2020,112.88%
21/05/2020,112.89%
22/05/2020,112.90%
23/05/2020,112.91%
24/05/2020,112.92%
25/05/2020,112.94%
26/05/2020,112.95%
27/05/2020,112.96%
28/05/2020,112.97%
29/05/2020,112.98%
30/05/2020,112.99%
31/05/2020,113.00%
1/06/2020,113.01%
2/06/2020,113.01%
3/06/2020,113.02%
4/06/2020,113.02%
5/06/2020,113.02%
6/06/2020,113.03%
7/06/2020,113.03%
8/06/2020,113.04%
9/06/2020,113.04%
10/06/2020,113.04%
11/06/2020,113.05%
12/06/2020,113.05%
13/06/2020,113.05%
14/06/2020,113.06%
15/06/2020,113.06%
16/06/2020,113.06%
17/06/2020,113.07%
18/06/2020,113.07%
19/06/2020,113.08%
20/06/2020,113.08%
21/06/2020,113.08%
22/06/2020,113.09%
23/06/2020,113.09%
24/06/2020,113.09%
25/06/2020,113.10%
26/06/2020,113.10%
27/06/2020,113.10%
28/06/2020,113.11%
29/06/2020,113.11%
30/06/2020,113.12%
1/07/2020,113.12%
2/07/2020,113.07%
3/07/2020,113.02%
4/07/2020,112.97%
5/07/2020,112.92%
6/07/2020,112.87%
7/07/2020,112.82%
8/07/2020,112.77%
9/07/2020,112.73%
10/07/2020,112.68%
11/07/2020,112.63%
12/07/2020,112.58%
13/07/2020,112.53%
14/07/2020,112.48%
15/07/2020,112.43%
16/07/2020,112.38%
17/07/2020,112.33%
18/07/2020,112.28%
19/07/2020,112.24%
20/07/2020,112.19%
21/07/2020,112.14%
22/07/2020,112.09%
23/07/2020,112.04%
24/07/2020,111.99%
25/07/2020,111.94%
26/07/2020,111.89%
27/07/2020,111.84%
28/07/2020,111.80%
29/07/2020,111.75%
30/07/2020,111.70%
31/07/2020,111.65%
1/08/2020,111.60%
2/08/2020,111.59%
3/08/2020,111.57%
4/08/2020,111.56%
5/08/2020,111.55%
6/08/2020,111.53%
7/08/2020,111.52%
8/08/2020,111.50%
9/08/2020,111.49%
10/08/2020,111.48%
11/08/2020,111.46%
12/08/2020,111.45%
13/08/2020,111.44%
14/08/2020,111.42%
15/08/2020,111.41%
16/08/2020,111.39%
17/08/2020,111.38%
18/08/2020,111.37%
19/08/2020,111.35%
20/08/2020,111.34%
21/08/2020,111.33%
22/08/2020,111.31%
23/08/2020,111.30%
24/08/2020,111.28%
25/08/2020,111.27%
26/08/2020,111.26%
27/08/2020,111.24%
28/08/2020,111.23%
29/08/2020,111.22%
30/08/2020,111.20%
31/08/2020,111.19%
1/09/2020,111.17%
2/09/2020,111.20%
3/09/2020,111.22%
4/09/2020,111.24%
5/09/2020,111.26%
6/09/2020,111.28%
7/09/2020,111.30%
8/09/2020,111.32%
9/09/2020,111.35%
10/09/2020,111.37%
11/09/2020,111.39%
12/09/2020,111.41%
13/09/2020,111.43%
14/09/2020,111.45%
15/09/2020,111.47%
16/09/2020,111.49%
17/09/2020,111.52%
18/09/2020,111.54%
19/09/2020,111.56%
20/09/2020,111.58%
21/09/2020,111.60%
22/09/2020,111.62%
23/09/2020,111.64%
24/09/2020,111.67%
25/09/2020,111.69%
26/09/2020,111.71%
27/09/2020,111.73%
28/09/2020,111.75%
29/09/2020,111.77%
30/09/2020,111.79%
1/10/2020,111.82%
2/10/2020,111.79%
3/10/2020,111.77%
4/10/2020,111.75%
5/10/2020,111.73%
6/10/2020,111.71%
7/10/2020,111.69%
8/10/2020,111.67%
9/10/2020,111.65%
10/10/2020,111.63%
11/10/2020,111.61%
12/10/2020,111.59%
13/10/2020,111.57%
14/10/2020,111.55%
15/10/2020,111.53%
16/10/2020,111.51%
17/10/2020,111.48%
18/10/2020,111.46%
19/10/2020,111.44%
20/10/2020,111.42%
21/10/2020,111.40%
22/10/2020,111.38%
23/10/2020,111.36%
24/10/2020,111.34%
25/10/2020,111.32%
26/10/2020,111.30%
27/10/2020,111.28%
28/10/2020,111.26%
29/10/2020,111.24%
30/10/2020,111.22%
31/10/2020,111.20%
1/11/2020,111.17%
2/11/2020,111.16%
3/11/2020,111.15%
4/11/2020,111.14%
5/11/2020,111.13%
6/11/2020,111.12%
7/11/2020,111.11%
8/11/2020,111.10%
9/11/2020,111.09%
10/11/2020,111.08%
11/11/2020,111.07%
12/11/2020,111.06%
13/11/2020,111.05%
14/11/2020,111.04%
15/11/2020,111.03%
16/11/2020,111.02%
17/11/2020,111.01%
18/11/2020,110.99%
19/11/2020,110.98%
20/11/2020,110.97%
21/11/2020,110.96%
22/11/2020,110.95%
23/11/2020,110.94%
24/11/2020,110.93%
25/11/2020,110.92%
26/11/2020,110.91%
27/11/2020,110.90%
28/11/2020,110.89%
29/11/2020,110.88%
30/11/2020,110.87%
1/12/2020,110.86%
2/12/2020,110.85%
3/12/2020,110.85%
4/12/2020,110.85%
5/12/2020,110.84%
6/12/2020,110.84%
7/12/2020,110.84%
8/12/2020,110.83%
9/12/2020,110.83%
10/12/2020,110.83%
11/12/2020,110.82%
12/12/2020,110.82%
13/12/2020,110.82%
14/12/2020,110.81%
15/12/2020,110.81%
16/12/2020,110.81%
17/12/2020,110.80%
18/12/2020,110.80%
19/12/2020,110.80%
20/12/2020,110.79%
21/12/2020,110.79%
22/12/2020,110.79%
23/12/2020,110.78%
24/12/2020,110.78%
25/12/2020,110.78%
26/12/2020,110.77%
27/12/2020,110.77%
28/12/2020,110.77%
29/12/2020,110.76%
30/12/2020,110.76%
31/12/2020,110.76%
1/01/2021,110.75%
2/01/2021,110.74%
3/01/2021,110.73%
4/01/2021,110.72%
5/01/2021,110.71%
6/01/2021,110.70%
7/01/2021,110.69%
8/01/2021,110.68%
9/01/2021,110.67%
10/01/2021,110.66%
11/01/2021,110.65%
12/01/2021,110.64%
13/01/2021,110.63%
14/01/2021,110.62%
15/01/2021,110.61%
16/01/2021,110.60%
17/01/2021,110.59%
18/01/2021,110.58%
19/01/2021,110.57%
20/01/2021,110.56%
21/01/2021,110.55%
22/01/2021,110.54%
23/01/2021,110.53%
24/01/2021,110.52%
25/01/2021,110.51%
26/01/2021,110.50%
27/01/2021,110.49%
28/01/2021,110.48%
29/01/2021,110.47%
30/01/2021,110.46%
31/01/2021,110.45%
1/02/2021,110.44%
2/02/2021,110.44%
3/02/2021,110.44%
4/02/2021,110.45%
5/02/2021,110.45%
6/02/2021,110.46%
7/02/2021,110.46%
8/02/2021,110.46%
9/02/2021,110.47%
10/02/2021,110.47%
11/02/2021,110.47%
12/02/2021,110.48%
13/02/2021,110.48%
14/02/2021,110.49%
15/02/2021,110.49%
16/02/2021,110.49%
17/02/2021,110.50%
18/02/2021,110.50%
19/02/2021,110.50%
20/02/2021,110.51%
21/02/2021,110.51%
22/02/2021,110.52%
23/02/2021,110.52%
24/02/2021,110.52%
25/02/2021,110.53%
26/02/2021,110.53%
27/02/2021,110.53%
28/02/2021,110.54%
1/03/2021,110.54%
2/03/2021,110.53%
3/03/2021,110.53%
4/03/2021,110.52%
5/03/2021,110.51%
6/03/2021,110.51%
7/03/2021,110.50%
8/03/2021,110.49%
9/03/2021,110.49%
10/03/2021,110.48%
11/03/2021,110.47%
12/03/2021,110.47%
13/03/2021,110.46%
14/03/2021,110.45%
15/03/2021,110.45%
16/03/2021,110.44%
17/03/2021,110.43%
18/03/2021,110.43%
19/03/2021,110.42%
20/03/2021,110.41%
21/03/2021,110.41%
22/03/2021,110.40%
23/03/2021,110.39%
24/03/2021,110.39%
25/03/2021,110.38%
26/03/2021,110.37%
27/03/2021,110.37%
28/03/2021,110.36%
29/03/2021,110.35%
30/03/2021,110.35%
31/03/2021,110.34%
1/04/2021,110.33%
2/04/2021,110.32%
3/04/2021,110.31%
4/04/2021,110.30%
5/04/2021,110.29%
6/04/2021,110.28%
7/04/2021,110.27%
8/04/2021,110.26%
9/04/2021,110.25%
10/04/2021,110.24%
11/04/2021,110.23%
12/04/2021,110.22%
13/04/2021,110.21%
14/04/2021,110.20%
15/04/2021,110.19%
16/04/2021,110.18%
17/04/2021,110.16%
18/04/2021,110.15%
19/04/2021,110.14%
20/04/2021,110.13%
21/04/2021,110.12%
22/04/2021,110.11%
23/04/2021,110.10%
24/04/2021,110.09%
25/04/2021,110.08%
26/04/2021,110.07%
27/04/2021,110.06%
28/04/2021,110.05%
29/04/2021,110.04%
30/04/2021,110.03%
1/05/2021,110.02%
2/05/2021,110.01%
3/05/2021,110.00%
4/05/2021,109.99%
5/05/2021,109.98%
6/05/2021,109.97%
7/05/2021,109.96%
8/05/2021,109.95%
9/05/2021,109.94%
10/05/2021,109.93%
11/05/2021,109.92%
12/05/2021,109.91%
13/05/2021,109.90%
14/05/2021,109.89%
15/05/2021,109.88%
16/05/2021,109.87%
17/05/2021,109.86%
18/05/2021,109.85%
19/05/2021,109.84%
20/05/2021,109.83%
21/05/2021,109.82%
22/05/2021,109.81%
23/05/2021,109.80%
24/05/2021,109.79%
25/05/2021,109.78%
26/05/2021,109.77%
27/05/2021,109.76%
28/05/2021,109.75%
29/05/2021,109.74%
30/05/2021,109.73%
31/05/2021,109.72%
1/06/2021,109.71%
2/06/2021,109.70%
3/06/2021,109.69%
4/06/2021,109.68%
5/06/2021,109.67%
6/06/2021,109.66%
7/06/2021,109.65%
8/06/2021,109.64%
9/06/2021,109.63%
10/06/2021,109.61%
11/06/2021,109.60%
12/06/2021,109.59%
13/06/2021,109.58%
14/06/2021,109.57%
15/06/2021,109.56%
16/06/2021,109.55%
17/06/2021,109.54%
18/06/2021,109.53%
19/06/2021,109.52%
20/06/2021,109.51%
21/06/2021,109.50%
22/06/2021,109.49%
23/06/2021,109.48%
24/06/2021,109.47%
25/06/2021,109.46%
26/06/2021,109.45%
27/06/2021,109.44%
28/06/2021,109.43%
29/06/2021,109.42%
30/06/2021,109.41%
1/07/2021,109.40%
2/07/2021,109.39%
3/07/2021,109.39%
4/07/2021,109.38%
5/07/2021,109.37%
6/07/2021,109.37%
7/07/2021,109.36%
8/07/2021,109.35%
9/07/2021,109.35%
10/07/2021,109.34%
11/07/2021,109.33%
12/07/2021,109.33%
13/07/2021,109.32%
14/07/2021,109.31%
15/07/2021,109.31%
16/07/2021,109.30%
17/07/2021,109.29%
18/07/2021,109.29%
19/07/2021,109.28%
20/07/2021,109.27%
21/07/2021,109.27%
22/07/2021,109.26%
23/07/2021,109.25%
24/07/2021,109.25%
25/07/2021,109.24%
26/07/2021,109.23%
27/07/2021,109.23%
28/07/2021,109.22%
29/07/2021,109.21%
30/07/2021,109.21%
31/07/2021,109.20%
1/08/2021,109.19%
2/08/2021,109.18%
3/08/2021,109.17%
4/08/2021,109.15%
5/08/2021,109.14%
6/08/2021,109.13%
7/08/2021,109.11%
8/08/2021,109.10%
9/08/2021,109.09%
10/08/2021,109.07%
11/08/2021,109.06%
12/08/2021,109.05%
13/08/2021,109.04%
14/08/2021,109.02%
15/08/2021,109.01%
16/08/2021,109.00%
17/08/2021,108.98%
18/08/2021,108.97%
19/08/2021,108.96%
20/08/2021,108.94%
21/08/2021,108.93%
22/08/2021,108.92%
23/08/2021,108.90%
24/08/2021,108.89%
25/08/2021,108.88%
26/08/2021,108.86%
27/08/2021,108.85%
28/08/2021,108.84%
29/08/2021,108.82%
30/08/2021,108.81%
31/08/2021,108.80%
1/09/2021,108.79%
2/09/2021,108.77%
3/09/2021,108.76%
4/09/2021,108.75%
5/09/2021,108.74%
6/09/2021,108.73%
7/09/2021,108.72%
8/09/2021,108.71%
9/09/2021,108.70%
10/09/2021,108.69%
11/09/2021,108.68%
12/09/2021,108.67%
13/09/2021,108.66%
14/09/2021,108.65%
15/09/2021,108.64%
16/09/2021,108.63%
17/09/2021,108.62%
18/09/2021,108.61%
19/09/2021,108.60%
20/09/2021,108.59%
21/09/2021,108.58%
22/09/2021,108.57%
23/09/2021,108.56%
24/09/2021,108.55%
25/09/2021,108.54%
26/09/2021,108.53%
27/09/2021,108.52%
28/09/2021,108.51%
29/09/2021,108.50%
30/09/2021,108.49%
1/10/2021,108.48%
2/10/2021,108.46%
3/10/2021,108.44%
4/10/2021,108.42%
5/10/2021,108.40%
6/10/2021,108.38%
7/10/2021,108.36%
8/10/2021,108.34%
9/10/2021,108.32%
10/10/2021,108.31%
11/10/2021,108.29%
12/10/2021,108.27%
13/10/2021,108.25%
14/10/2021,108.23%
15/10/2021,108.21%
16/10/2021,108.19%
17/10/2021,108.17%
18/10/2021,108.15%
19/10/2021,108.13%
20/10/2021,108.11%
21/10/2021,108.09%
22/10/2021,108.07%
23/10/2021,108.05%
24/10/2021,108.03%
25/10/2021,108.01%
26/10/2021,107.99%
27/10/2021,107.97%
28/10/2021,107.96%
29/10/2021,107.94%
30/10/2021,107.92%
31/10/2021,107.90%
1/11/2021,107.88%
2/11/2021,107.86%
3/11/2021,107.84%
4/11/2021,107.83%
5/11/2021,107.81%
6/11/2021,107.79%
7/11/2021,107.78%
8/11/2021,107.76%
9/11/2021,107.74%
10/11/2021,107.73%
11/11/2021,107.71%
12/11/2021,107.69%
13/11/2021,107.68%
14/11/2021,107.66%
15/11/2021,107.65%
16/11/2021,107.63%
17/11/2021,107.61%
18/11/2021,107.60%
19/11/2021,107.58%
20/11/2021,107.56%
21/11/2021,107.55%
22/11/2021,107.53%
23/11/2021,107.51%
24/11/2021,107.50%
25/11/2021,107.48%
26/11/2021,107.46%
27/11/2021,107.45%
28/11/2021,107.43%
29/11/2021,107.41%
30/11/2021,107.40%
1/12/2021,107.38%
2/12/2021,107.37%
3/12/2021,107.35%
4/12/2021,107.34%
5/12/2021,107.33%
6/12/2021,107.32%
7/12/2021,107.30%
8/12/2021,107.29%
9/12/2021,107.28%
10/12/2021,107.27%
11/12/2021,107.25%
12/12/2021,107.24%
13/12/2021,107.23%
14/12/2021,107.21%
15/12/2021,107.20%
16/12/2021,107.19%
17/12/2021,107.18%
18/12/2021,107.16%
19/12/2021,107.15%
20/12/2021,107.14%
21/12/2021,107.13%
22/12/2021,107.11%
23/12/2021,107.10%
24/12/2021,107.09%
25/12/2021,107.07%
26/12/2021,107.06%
27/12/2021,107.05%
28/12/2021,107.04%
29/12/2021,107.02%
30/12/2021,107.01%
31/12/2021,107.00%
1/01/2022,106.99%
2/01/2022,106.96%
3/01/2022,106.93%
4/01/2022,106.91%
5/01/2022,106.88%
6/01/2022,106.86%
7/01/2022,106.83%
8/01/2022,106.81%
9/01/2022,106.78%
10/01/2022,106.76%
11/01/2022,106.73%
12/01/2022,106.71%
13/01/2022,106.68%
14/01/2022,106.66%
15/01/2022,106.63%
16/01/2022,106.61%
17/01/2022,106.58%
18/01/2022,106.56%
19/01/2022,106.53%
20/01/2022,106.51%
21/01/2022,106.48%
22/01/2022,106.46%
23/01/2022,106.43%
24/01/2022,106.41%
25/01/2022,106.38%
26/01/2022,106.36%
27/01/2022,106.33%
28/01/2022,106.30%
29/01/2022,106.28%
30/01/2022,106.25%
31/01/2022,106.23%
1/02/2022,106.20%
2/02/2022,106.17%
3/02/2022,106.14%
4/02/2022,106.11%
5/02/2022,106.08%
6/02/2022,106.05%
7/02/2022,106.02%
8/02/2022,105.99%
9/02/2022,105.96%
10/02/2022,105.93%
11/02/2022,105.89%
12/02/2022,105.86%
13/02/2022,105.83%
14/02/2022,105.80%
15/02/2022,105.77%
16/02/2022,105.74%
17/02/2022,105.71%
18/02/2022,105.68%
19/02/2022,105.65%
20/02/2022,105.62%
21/02/2022,105.59%
22/02/2022,105.55%
23/02/2022,105.52%
24/02/2022,105.49%
25/02/2022,105.46%
26/02/2022,105.43%
27/02/2022,105.40%
28/02/2022,105.37%
1/03/2022,105.34%
2/03/2022,105.31%
3/03/2022,105.28%
4/03/2022,105.25%
5/03/2022,105.22%
6/03/2022,105.19%
7/03/2022,105.16%
8/03/2022,105.13%
9/03/2022,105.09%
10/03/2022,105.06%
11/03/2022,105.03%
12/03/2022,105.00%
13/03/2022,104.97%
14/03/2022,104.94%
15/03/2022,104.91%
16/03/2022,104.88%
17/03/2022,104.85%
18/03/2022,104.82%
19/03/2022,104.79%
20/03/2022,104.76%
21/03/2022,104.73%
22/03/2022,104.70%
23/03/2022,104.67%
24/03/2022,104.64%
25/03/2022,104.61%
26/03/2022,104.58%
27/03/2022,104.55%
28/03/2022,104.52%
29/03/2022,104.49%
30/03/2022,104.46%
31/03/2022,104.42%
1/04/2022,104.39%
2/04/2022,104.39%
3/04/2022,104.39%
4/04/2022,104.39%
5/04/2022,104.38%
6/04/2022,104.38%
7/04/2022,104.38%
8/04/2022,104.37%
9/04/2022,104.37%
10/04/2022,104.37%
11/04/2022,104.36%
12/04/2022,104.36%
13/04/2022,104.36%
14/04/2022,104.35%
15/04/2022,104.35%
16/04/2022,104.35%
17/04/2022,104.34%
18/04/2022,104.34%
19/04/2022,104.34%
20/04/2022,104.34%
21/04/2022,104.33%
22/04/2022,104.33%
23/04/2022,104.33%
24/04/2022,104.32%
25/04/2022,104.32%
26/04/2022,104.32%
27/04/2022,104.31%
28/04/2022,104.31%
29/04/2022,104.31%
30/04/2022,104.30%
1/05/2022,104.30%
2/05/2022,104.27%
3/05/2022,104.24%
4/05/2022,104.21%
5/05/2022,104.18%
6/05/2022,104.15%
7/05/2022,104.12%
8/05/2022,104.09%
9/05/2022,104.06%
10/05/2022,104.03%
11/05/2022,104.00%
12/05/2022,103.97%
13/05/2022,103.94%
14/05/2022,103.91%
15/05/2022,103.88%
16/05/2022,103.85%
17/05/2022,103.82%
18/05/2022,103.79%
19/05/2022,103.76%
20/05/2022,103.73%
21/05/2022,103.70%
22/05/2022,103.67%
23/05/2022,103.64%
24/05/2022,103.61%
25/05/2022,103.58%
26/05/2022,103.55%
27/05/2022,103.52%
28/05/2022,103.49%
29/05/2022,103.46%
30/05/2022,103.43%
31/05/2022,103.40%
1/06/2022,103.37%
2/06/2022,103.35%
3/06/2022,103.32%
4/06/2022,103.29%
5/06/2022,103.27%
6/06/2022,103.24%
7/06/2022,103.21%
8/06/2022,103.18%
9/06/2022,103.16%
10/06/2022,103.13%
11/06/2022,103.10%
12/06/2022,103.07%
13/06/2022,103.05%
14/06/2022,103.02%
15/06/2022,102.99%
16/06/2022,102.96%
17/06/2022,102.94%
18/06/2022,102.91%
19/06/2022,102.88%
20/06/2022,102.85%
21/06/2022,102.83%
22/06/2022,102.80%
23/06/2022,102.77%
24/06/2022,102.75%
25/06/2022,102.72%
26/06/2022,102.69%
27/06/2022,102.66%
28/06/2022,102.64%
29/06/2022,102.61%
30/06/2022,102.58%
1/07/2022,102.56%
2/07/2022,102.54%
3/07/2022,102.52%
4/07/2022,102.50%
5/07/2022,102.49%
6/07/2022,102.47%
7/07/2022,102.45%
8/07/2022,102.43%
9/07/2022,102.42%
10/07/2022,102.40%
11/07/2022,102.38%
12/07/2022,102.36%
13/07/2022,102.35%
14/07/2022,102.33%
15/07/2022,102.31%
16/07/2022,102.29%
17/07/2022,102.28%
18/07/2022,102.26%
19/07/2022,102.24%
20/07/2022,102.22%
21/07/2022,102.21%
22/07/2022,102.19%
23/07/2022,102.17%
24/07/2022,102.15%
25/07/2022,102.14%
26/07/2022,102.12%
27/07/2022,102.10%
28/07/2022,102.09%
29/07/2022,102.07%
30/07/2022,102.05%
31/07/2022,102.03%
1/08/2022,102.02%
2/08/2022,102.01%
3/08/2022,102.00%
4/08/2022,101.99%
5/08/2022,101.98%
6/08/2022,101.97%
7/08/2022,101.96%
8/08/2022,101.96%
9/08/2022,101.95%
10/08/2022,101.94%
11/08/2022,101.93%
12/08/2022,101.92%
13/08/2022,101.91%
14/08/2022,101.90%
15/08/2022,101.89%
16/08/2022,101.89%
17/08/2022,101.88%
18/08/2022,101.87%
19/08/2022,101.86%
20/08/2022,101.85%
21/08/2022,101.84%
22/08/2022,101.83%
23/08/2022,101.83%
24/08/2022,101.82%
25/08/2022,101.81%
26/08/2022,101.80%
27/08/2022,101.79%
28/08/2022,101.78%
29/08/2022,101.77%
30/08/2022,101.77%
31/08/2022,101.76%
1/09/2022,101.75%
2/09/2022,101.73%
3/09/2022,101.71%
4/09/2022,101.69%
5/09/2022,101.67%
6/09/2022,101.64%
7/09/2022,101.62%
8/09/2022,101.60%
9/09/2022,101.58%
10/09/2022,101.56%
11/09/2022,101.54%
12/09/2022,101.52%
13/09/2022,101.50%
14/09/2022,101.48%
15/09/2022,101.46%
16/09/2022,101.44%
17/09/2022,101.42%
18/09/2022,101.40%
19/09/2022,101.38%
20/09/2022,101.36%
21/09/2022,101.34%
22/09/2022,101.31%
23/09/2022,101.29%
24/09/2022,101.27%
25/09/2022,101.25%
26/09/2022,101.23%
27/09/2022,101.21%
28/09/2022,101.19%
29/09/2022,101.17%
30/09/2022,101.15%
1/10/2022,101.13%
2/10/2022,101.12%
3/10/2022,101.12%
4/10/2022,101.11%
5/10/2022,101.11%
6/10/2022,101.10%
7/10/2022,101.10%
8/10/2022,101.09%
9/10/2022,101.08%
10/10/2022,101.08%
11/10/2022,101.07%
12/10/2022,101.07%
13/10/2022,101.06%
14/10/2022,101.06%
15/10/2022,101.05%
16/10/2022,101.04%
17/10/2022,101.04%
18/10/2022,101.03%
19/10/2022,101.03%
20/10/2022,101.02%
21/10/2022,101.02%
22/10/2022,101.01%
23/10/2022,101.00%
24/10/2022,101.00%
25/10/2022,100.99%
26/10/2022,100.99%
27/10/2022,100.98%
28/10/2022,100.98%
29/10/2022,100.97%
30/10/2022,100.97%
31/10/2022,100.96%
1/11/2022,100.95%
2/11/2022,100.92%
3/11/2022,100.89%
4/11/2022,100.86%
5/11/2022,100.83%
6/11/2022,100.79%
7/11/2022,100.76%
8/11/2022,100.73%
9/11/2022,100.70%
10/11/2022,100.67%
11/11/2022,100.64%
12/11/2022,100.60%
13/11/2022,100.57%
14/11/2022,100.54%
15/11/2022,100.51%
16/11/2022,100.48%
17/11/2022,100.44%
18/11/2022,100.41%
19/11/2022,100.38%
20/11/2022,100.35%
21/11/2022,100.32%
22/11/2022,100.29%
23/11/2022,100.25%
24/11/2022,100.22%
25/11/2022,100.19%
26/11/2022,100.16%
27/11/2022,100.13%
28/11/2022,100.09%
29/11/2022,100.06%
30/11/2022,100.03%
1/12/2022,100.00%
