"Occ_Class","Jurisdiction","Date","Min","Max","Mean"
"Economist","National",2014-05-16,88238.2469985,88238.2469985,88238.2469985
"Economist","National",2016-05-20,121183.996320643,121183.996320643,121183.996320643
"Economist","National",2018-05-18,129373.2726651,129373.2726651,129373.2726651
"Economist","National",2021-05-21,96361.8504954857,96361.8504954857,96361.8504954857
"Executive","WA",2015-06-13,148756.556942,196318.707207,170542.185683286
"Executive","WA",2016-06-12,148739.797346,196296.589041,170522.971618429
"Executive","WA",2016-06-13,152457.938171,201203.523191,174785.861627857
"Executive","WA",2017-06-12,152429.759328,201166.334688,174753.555908571
"Executive","WA",2017-06-13,153441.311328,202177.886688,175765.107908571
"Executive","WA",2018-06-12,153409.456638,202135.914198,175728.618758571
"Executive","WA",2018-06-13,154420.798638,203147.256198,176739.960758571
"Executive","WA",2019-06-12,154397.284532,203116.322372,176713.048048571
"Executive","WA",2019-06-13,155408.472532,204127.510372,177724.236048571
"Executive","WA",2020-06-12,155412.622135,204132.960835,177728.981510714
"Executive","WA",2020-06-13,156423.991824,205144.378704,178740.373268571
"Executive","WA",2021-06-12,156376.966368,205082.706528,178686.63888
"Executive","WA",2021-06-13,157387.722679,206093.414659,179697.373122143
"Executive","WA",2022-06-12,157293.219456,205969.666176,179589.474102857
"Executive","WA",2022-06-13,162011.86836,212148.055485,184976.587404857
"Executive","WA",2022-12-01,161963.6,212084.85,184921.477142857
"Junior Officer","ACT",2015-04-09,44894.487792,68812.039824,56267.8429538823
"Junior Officer","ACT",2015-10-07,44890.583584,68806.055648,56262.9496724706
"Junior Officer","ACT",2015-10-08,45563.446544,69838.116128,57106.9299265882
"Junior Officer","ACT",2016-04-06,45561.735366,69835.493292,57104.7852222353
"Junior Officer","ACT",2016-04-07,46244.690916,70882.691802,57961.2323128235
"Junior Officer","ACT",2016-10-05,46239.754668,70875.125646,57955.0454184706
"Junior Officer","ACT",2016-10-06,46933.719384,71938.328116,58824.3757378824
"Junior Officer","ACT",2017-04-05,46928.894616,71930.932884,58818.3286150588
"Junior Officer","ACT",2017-04-06,47632.902336,73010.2091,59700.5992705882
"Junior Officer","ACT",2017-10-04,47629.888704,73005.5899,59696.8221411765
"Junior Officer","ACT",2017-10-05,48701.075676,74648.278892,61040.1047651765
"Junior Officer","ACT",2018-06-13,48693.083274,74636.028258,61030.0873877647
"Junior Officer","ACT",2018-06-14,48936.865084,75009.287624,61335.2758655882
"Junior Officer","ACT",2018-12-12,48933.865028,75004.689208,61331.5157297059
"Junior Officer","ACT",2018-12-13,49594.231521,76016.981489,62159.5169202353
"Junior Officer","ACT",2019-06-12,49589.670708,76009.990772,62153.8005712941
"Junior Officer","ACT",2019-06-13,50259.077164,77036.346592,62992.7892030588
"Junior Officer","ACT",2019-12-11,50254.106864,77028.728192,62986.5596207059
"Junior Officer","ACT",2019-12-12,50932.496538,78068.049444,63836.7620161765
"Junior Officer","ACT",2020-06-10,50938.94441,78077.93258,63844.8435220588
"Junior Officer","ACT",2020-06-11,51626.57061,79131.61861,64706.636635
"Junior Officer","ACT",2020-12-09,51616.512972,79116.202572,64694.030802
"Junior Officer","ACT",2020-12-10,52313.104374,80183.83758,65567.4314107059
"Junior Officer","ACT",2021-06-09,52307.774845,80175.66865,65560.7515638235
"Junior Officer","ACT",2021-06-10,53014.351988,81258.278234,66445.8905817647
"Junior Officer","ACT",2021-12-08,53003.339168,81241.398224,66432.0875905882
"Junior Officer","ACT",2021-12-09,53718.86445,82337.930598,67328.9315948823
"Junior Officer","ACT",2022-06-08,53698.24225,82306.32179,67303.0846097059
"Junior Officer","ACT",2022-06-09,54423.486816,83417.420592,68211.6306908235
"Junior Officer","ACT",2022-12-01,54406.68,83391.66,68190.5658823529
"Junior Officer","Commonwealth",2014-12-31,47565.650796,62247.006888,56482.4394095
"Junior Officer","Commonwealth",2015-12-30,47557.801128,62236.734384,56473.118221
"Junior Officer","Commonwealth",2015-12-31,48298.425552,62236.734384,56658.274327
"Junior Officer","Commonwealth",2016-12-30,48291.265152,62227.507584,56649.874552
"Junior Officer","Commonwealth",2016-12-31,48120.251777,63219.856083,57197.61674
"Junior Officer","Commonwealth",2017-12-30,48110.69081,63207.29499,57186.2522
"Junior Officer","Commonwealth",2017-12-31,48744.85742,65877.47019,58540.8098275
"Junior Officer","Commonwealth",2018-12-30,48737.917484,65868.091038,58532.4752155
"Junior Officer","Commonwealth",2018-12-31,50018.20556,64673.762272,58941.793224
"Junior Officer","Commonwealth",2019-12-30,50007.2749,64659.62888,58928.91246
"Junior Officer","Commonwealth",2019-12-31,49057.836344,67178.125352,60079.445008
"Junior Officer","Commonwealth",2020-12-30,49055.313252,67174.670316,60076.355064
"Junior Officer","Commonwealth",2020-12-31,52050.890324,67043.172443,60708.43026975
"Junior Officer","Commonwealth",2021-12-30,52033.694668,67021.023901,60688.37448825
"Junior Officer","Commonwealth",2021-12-31,53355.607392,68383.348836,61922.855175
"Junior Officer","Commonwealth",2022-12-01,53319.92,68337.61,61881.4375
"Junior Officer","NSW",2015-07-01,59381.678019,72689.358243,65734.623103125
"Junior Officer","NSW",2016-06-30,59375.222449,72681.455953,65727.476884375
"Junior Officer","NSW",2016-07-01,60859.365804,74498.44401,67370.45494275
"Junior Officer","NSW",2017-06-30,60848.598238,74485.263345,67358.535399875
"Junior Officer","NSW",2017-07-01,62369.964926,76347.521372,69042.508268125
"Junior Officer","NSW",2018-06-30,62357.633326,76332.426172,69028.857393125
"Junior Officer","NSW",2018-07-01,63916.182252,78240.915324,70754.664591
"Junior Officer","NSW",2019-06-30,63906.386407,78228.924059,70743.82067475
"Junior Officer","NSW",2019-07-01,65504.071347,80184.571321,72512.39723175
"Junior Officer","NSW",2020-06-30,65505.885159,80186.791637,72514.40510475
"Junior Officer","NSW",2020-07-01,65702.062033,80427.462235,72731.944022375
"Junior Officer","NSW",2021-06-30,65680.945808,80401.61336,72708.568438
"Junior Officer","NSW",2021-07-01,67020.31671,82042.21641,74191.60584
"Junior Officer","NSW",2022-06-30,66977.88599,81990.27529,74144.63496
"Junior Officer","NSW",2022-07-01,68671.8797,84064.079172,76020.3264665
"Junior Officer","NSW",2022-12-01,68654.75,84043.11,76001.36375
"Junior Officer","NT",2014-08-14,44232.502693,58543.881427,50301.5311574
"Junior Officer","NT",2015-08-12,44226.164888,58535.493032,50294.3237584
"Junior Officer","NT",2015-08-13,45552.67664,60292.033384,51803.0327258667
"Junior Officer","NT",2016-08-10,45547.00412,60284.525422,51796.5818702667
"Junior Officer","NT",2016-08-11,46913.772555,62093.394375,53350.374659
"Junior Officer","NT",2017-08-09,46905.704001,62082.715125,53341.1990938
"Junior Officer","NT",2017-08-10,48078.06843,63634.403679,54674.599258
"Junior Officer","NT",2018-08-22,48067.75442,63620.752426,54662.8701186667
"Junior Officer","NT",2018-08-23,49269.195452,65211.549348,56029.4924373333
"Junior Officer","NT",2019-08-21,49261.351854,65201.167746,56020.572608
"Junior Officer","NT",2019-08-22,50492.936208,66831.146382,57421.2217436
"Junior Officer","NT",2020-08-19,50488.54184,66825.33011,57416.2244113333
"Junior Officer","NT",2020-08-20,51750.248592,68495.473998,58851.618083
"Junior Officer","NT",2021-08-09,51740.216528,68482.195782,58840.2093803333
"Junior Officer","NT",2021-08-10,55783.629344,72525.592036,62883.6151726667
"Junior Officer","NT",2022-08-09,55746.380144,72477.163486,62841.6249976667
"Junior Officer","NT",2022-08-10,53725.998144,70456.781486,60821.2429976667
"Junior Officer","NT",2022-12-01,53715.84,70443.46,60809.7433333333
"Junior Officer","Queensland",2015-09-01,36228.57315,62972.25188,49470.2574493333
"Junior Officer","Queensland",2016-06-01,36225.601335,62967.086292,49466.1994244
"Junior Officer","Queensland",2016-06-02,37540.83533,64282.293856,50781.4203325333
"Junior Officer","Queensland",2016-08-31,37538.942975,64279.05352,50778.8605473333
"Junior Officer","Queensland",2016-09-01,37129.2065,64537.035745,50699.880891
"Junior Officer","Queensland",2017-08-31,37122.8574,64525.999902,50691.2112036
"Junior Officer","Queensland",2017-09-01,38051.434596,66138.36597,51958.3785304
"Junior Officer","Queensland",2019-08-31,38037.553554,66114.238905,51939.4242796
"Junior Officer","Queensland",2019-09-01,39754.491348,70018.300638,55070.76289
"Junior Officer","Queensland",2020-06-29,39757.164836,70023.009366,55074.4663966667
"Junior Officer","Queensland",2020-06-30,41021.191086,71287.035616,56338.4926466667
"Junior Officer","Queensland",2020-08-31,41014.2543,71274.9808,56328.9656666667
"Junior Officer","Queensland",2020-09-01,40463.192029,71271.877157,56064.4869382
"Junior Officer","Queensland",2021-08-31,40454.867661,71257.214613,56052.9529638
"Junior Officer","Queensland",2021-09-01,41467.648297,73040.193623,57455.1453102667
"Junior Officer","Queensland",2022-02-28,41454.685029,73017.360411,57437.1841652
"Junior Officer","Queensland",2022-03-01,42490.34496,74841.13224,58872.827832
"Junior Officer","Queensland",2022-08-31,42475.796352,74815.506788,58852.6698950667
"Junior Officer","Queensland",2022-09-01,43537.446127,76687.283295,60324.2316615333
"Junior Officer","Queensland",2022-12-01,43529.99,76674.15,60313.9006666667
"Junior Officer","SA",2014-10-01,40676.013565,61035.777638,49164.4770915833
"Junior Officer","SA",2015-09-30,40670.386265,61027.333678,49157.6754599167
"Junior Officer","SA",2015-10-01,41687.2724,62553.168794,50386.5393514167
"Junior Officer","SA",2016-09-30,41681.216,62544.08096,50379.2191066667
"Junior Officer","SA",2016-10-01,42723.2464,64108.13824,51638.6764
"Junior Officer","SA",2017-09-30,42716.0673,64097.36568,51629.999175
"Junior Officer","SA",2017-10-01,44233.3323,65614.63068,53147.264175
"Junior Officer","SA",2018-09-30,44223.97408,65600.748928,53136.02008
"Junior Officer","SA",2018-10-01,45740.91808,67117.692928,54652.96408
"Junior Officer","SA",2019-09-30,45733.68128,67107.074048,54644.31728
"Junior Officer","SA",2019-10-01,47250.33855,68623.71018,56160.9657375
"Junior Officer","SA",2021-07-31,47238.28221,68606.200236,56146.6357725
"Junior Officer","SA",2021-08-01,47946.859556,69635.204136,56988.892657
"Junior Officer","SA",2021-12-08,47938.701424,69623.355744,56979.196028
"Junior Officer","SA",2021-12-09,48949.356993,70633.989858,57989.84265225
"Junior Officer","SA",2022-07-31,48924.9962,70598.8372,57960.98265
"Junior Officer","SA",2022-08-01,48633.000258,70632.103881,57804.7653455
"Junior Officer","SA",2022-12-01,48623.42,70618.19,57793.3783333333
"Junior Officer","Tasmania",2014-12-01,39983.354005,62726.030675,53102.945798
"Junior Officer","Tasmania",2015-11-30,39977.111267,62716.237045,53094.6546532
"Junior Officer","Tasmania",2015-12-01,40988.908267,63970.865325,54190.7006167333
"Junior Officer","Tasmania",2016-11-30,40982.831617,63961.381575,54182.6667867333
"Junior Officer","Tasmania",2016-12-01,42140.11413,65241.05054,55364.4855281333
"Junior Officer","Tasmania",2017-11-30,42131.61651,65227.89458,55353.3211929333
"Junior Officer","Tasmania",2017-12-01,43311.88368,66532.5232,56558.5785013333
"Junior Officer","Tasmania",2018-11-30,43304.860872,66521.73528,56549.4078072
"Junior Officer","Tasmania",2018-12-01,44214.041717,67918.374597,57736.9725979333
"Junior Officer","Tasmania",2019-08-18,44208.620313,67910.046633,57729.8930494
"Junior Officer","Tasmania",2019-08-19,44385.572088,68182.04679,57960.9078048
"Junior Officer","Tasmania",2019-11-30,44383.157808,68178.33814,57957.7551168
"Junior Officer","Tasmania",2019-12-01,45335.656962,69642.476922,59202.0708678
"Junior Officer","Tasmania",2020-11-30,45332.204436,69637.173316,59197.5623484
"Junior Officer","Tasmania",2020-12-01,46374.522249,71238.561702,60559.0794776
"Junior Officer","Tasmania",2021-11-30,46360.440466,71216.929868,60540.6905050667
"Junior Officer","Tasmania",2021-12-01,47449.943211,72890.600134,61963.3102249333
"Junior Officer","Tasmania",2022-11-30,47416.610841,72839.396354,61919.7825862667
"Junior Officer","Tasmania",2022-12-01,50644.43,76956.95,65654.848
"Junior Officer","Victoria",2016-01-01,43349.756945,61002.300052,52237.9867718421
"Junior Officer","Victoria",2016-06-30,43347.443315,60999.044284,52235.1987660526
"Junior Officer","Victoria",2016-07-01,43997.940288,61913.584296,53018.6490502105
"Junior Officer","Victoria",2016-12-31,43993.808928,61907.770676,53013.6706552105
"Junior Officer","Victoria",2017-01-01,44763.660119,62991.227477,53941.4427696842
"Junior Officer","Victoria",2017-06-30,44759.943203,62985.997049,53936.9637835789
"Junior Officer","Victoria",2017-07-01,45431.610411,63930.781947,54745.9884263158
"Junior Officer","Victoria",2017-12-31,45426.35559,63923.38743,54739.6562631579
"Junior Officer","Victoria",2018-01-01,46221.33957,65042.02901,55697.6401726316
"Junior Officer","Victoria",2018-06-30,46217.546553,65036.691529,55693.0695111579
"Junior Officer","Victoria",2018-07-01,46910.365632,66012.706656,56528.5512562105
"Junior Officer","Victoria",2018-12-31,46907.489824,66008.659792,56525.0858118947
"Junior Officer","Victoria",2019-01-01,47728.701252,67163.614818,57514.3932946842
"Junior Officer","Victoria",2019-06-30,47724.264828,67157.371902,57509.0472821579
"Junior Officer","Victoria",2019-07-01,48440.189472,68164.52013,58371.7013525263
"Junior Officer","Victoria",2020-03-19,48432.093696,68153.12784,58361.9457296842
"Junior Officer","Victoria",2020-03-20,49158.971329,69175.204683,59237.1146516842
"Junior Officer","Victoria",2020-06-30,49168.598683,69188.752041,59248.7157217895
"Junior Officer","Victoria",2020-07-01,49817.802565,70049.301112,60024.7480060526
"Junior Officer","Victoria",2020-11-30,49807.99883,70035.515984,60012.9356278947
"Junior Officer","Victoria",2020-12-01,49773.574851,70039.490796,59977.5437458421
"Junior Officer","Victoria",2021-06-30,49767.420976,70030.831296,59970.1282787368
"Junior Officer","Victoria",2021-07-01,50429.50797,70908.21888,60761.333715
"Junior Officer","Victoria",2021-08-31,50426.814126,70904.431104,60758.0879654211
"Junior Officer","Victoria",2021-09-01,50510.613991,71077.144285,60866.2871316316
"Junior Officer","Victoria",2022-05-31,50485.479584,71041.77584,60835.9996749474
"Junior Officer","Victoria",2022-06-01,51116.787802,71929.647602,61596.1743796842
"Junior Officer","Victoria",2022-06-30,51112.84147,71924.09447,61591.4190152631
"Junior Officer","Victoria",2022-07-01,51787.538024,72818.96416,62398.2679511579
"Junior Officer","Victoria",2022-12-01,51774.62,72800.8,62382.7031578947
"Junior Officer","WA",2015-06-13,48302.826661,72771.455907,61085.9872154167
"Junior Officer","WA",2016-06-12,48297.384643,72763.257141,61079.1049879167
"Junior Officer","WA",2016-06-13,49504.38927,74582.363863,62605.9034505
"Junior Officer","WA",2017-06-12,49495.23936,74568.578784,62594.331984
"Junior Officer","WA",2017-06-13,50506.79136,75580.130784,63605.883984
"Junior Officer","WA",2018-06-12,50496.30606,75564.440214,63592.679289
"Junior Officer","WA",2018-06-13,51507.64806,76575.782214,64604.021289
"Junior Officer","WA",2019-06-12,51499.80484,76564.121796,64594.183846
"Junior Officer","WA",2019-06-13,52510.99284,77575.309796,65605.371846
"Junior Officer","WA",2020-06-12,52512.39495,77577.381155,65607.1235925
"Junior Officer","WA",2020-06-13,53523.66288,78588.673872,66618.404472
"Junior Officer","WA",2021-06-12,53507.57216,78565.047904,66598.377104
"Junior Officer","WA",2021-06-13,54518.43023,79575.881187,67609.2222245
"Junior Officer","WA",2022-06-12,54485.69472,79528.099968,67568.626368
"Junior Officer","WA",2022-06-13,57637.67205,82680.002937,70720.5648495
"Junior Officer","WA",2022-12-01,57620.5,82655.37,70699.495
"Management Consultant (Individual Contract)","National",2014-05-16,105489.85399695,105489.85399695,105489.85399695
"Management Consultant (Individual Contract)","National",2016-05-20,114901.750377643,114901.750377643,114901.750377643
"Management Consultant (Individual Contract)","National",2018-05-18,118249.1554038,118249.1554038,118249.1554038
"Management Consultant (Individual Contract)","National",2021-05-21,124645.857631286,124645.857631286,124645.857631286
"Manager","ACT",2015-04-09,112805.925936,131012.24664,122361.916908
"Manager","ACT",2015-10-07,112796.115872,131000.85328,122351.275816
"Manager","ACT",2015-10-08,114487.8856,132965.815488,124186.471596
"Manager","ACT",2016-04-06,114483.5859,132960.821832,124181.8076565
"Manager","ACT",2016-04-07,116200.586742,134955.052038,126044.5056825
"Manager","ACT",2016-10-05,116188.183266,134940.646674,126031.0514475
"Manager","ACT",2016-10-06,117931.18789,136964.878968,127921.498265
"Manager","ACT",2017-04-05,117919.06461,136950.799032,127908.347985
"Manager","ACT",2017-04-06,119688.187468,139005.16638,129826.920731
"Manager","ACT",2017-10-04,119680.615052,138996.37182,129818.706859
"Manager","ACT",2017-10-05,122373.249348,142123.954556,132739.689086
"Manager","ACT",2018-06-13,122353.166502,142100.630394,132717.904989
"Manager","ACT",2018-06-14,122965.149998,142811.74503,133381.73006225
"Manager","ACT",2018-12-12,122957.611666,142802.99001,133373.55314575
"Manager","ACT",2018-12-13,124617.123787,144730.491596,135173.886146
"Manager","ACT",2019-06-12,124605.663676,144717.181808,135161.455208
"Manager","ACT",2019-06-13,126288.280508,146670.797024,136986.396751
"Manager","ACT",2019-12-11,126275.791408,146656.292224,136972.849676
"Manager","ACT",2019-12-12,127980.359199,148635.855522,138821.7395565
"Manager","ACT",2020-06-10,127996.561055,148654.67229,138839.3138925
"Manager","ACT",2020-06-11,129724.72749,150661.934065,140713.85369875
"Manager","ACT",2020-12-09,129699.455148,150632.582838,140686.4405085
"Manager","ACT",2020-12-10,131450.538324,152665.740036,142585.6378215
"Manager","ACT",2021-06-09,131437.14647,152650.18683,142571.11155125
"Manager","ACT",2021-06-10,133211.170522,154711.289474,144495.7507755
"Manager","ACT",2021-12-08,133183.498192,154679.150864,144465.734268
"Manager","ACT",2021-12-09,134981.407056,156767.110221,146415.9954465
"Manager","ACT",2022-06-08,134929.58888,156706.928705,146359.7876325
"Manager","ACT",2022-06-09,136750.78076,158822.056712,148335.27073
"Manager","ACT",2022-12-01,136708.55,158773.01,148289.4625
"Manager","Commonwealth",2014-12-31,135505.030845,135505.030845,135505.030845
"Manager","Commonwealth",2015-12-30,135482.66871,135482.66871,135482.66871
"Manager","Commonwealth",2015-12-31,135482.66871,135482.66871,135482.66871
"Manager","Commonwealth",2016-12-30,135462.58296,135462.58296,135462.58296
"Manager","Commonwealth",2016-12-31,137159.965873,137159.965873,137159.965873
"Manager","Commonwealth",2017-12-30,137132.71369,137132.71369,137132.71369
"Manager","Commonwealth",2017-12-31,139774.56885,139774.56885,139774.56885
"Manager","Commonwealth",2018-12-30,139754.66877,139754.66877,139754.66877
"Manager","Commonwealth",2018-12-31,142267.71448,142267.71448,142267.71448
"Manager","Commonwealth",2019-12-30,142236.6242,142236.6242,142236.6242
"Manager","Commonwealth",2019-12-31,144133.239584,144133.239584,144133.239584
"Manager","Commonwealth",2020-12-30,144125.826672,144125.826672,144125.826672
"Manager","Commonwealth",2020-12-31,146431.800207,146431.800207,146431.800207
"Manager","Commonwealth",2021-12-30,146383.424649,146383.424649,146383.424649
"Manager","Commonwealth",2021-12-31,149898.41094,149898.41094,149898.41094
"Manager","Commonwealth",2022-12-01,149798.15,149798.15,149798.15
"Manager","NSW",2015-07-01,117415.589154,135790.549074,126414.61447275
"Manager","NSW",2016-06-30,117402.824534,135775.786854,126400.87154025
"Manager","NSW",2016-07-01,120337.725618,139169.993382,129560.619834
"Manager","NSW",2017-06-30,120316.434821,139145.370679,129537.697273
"Manager","NSW",2017-07-01,123324.775599,142624.080812,132776.41788025
"Manager","NSW",2018-06-30,123300.392199,142595.881612,132750.16573025
"Manager","NSW",2018-07-01,126383.10282,146161.024308,136069.035453
"Manager","NSW",2019-06-30,126363.733245,146138.623553,136048.18140425
"Manager","NSW",2019-07-01,129522.700177,149792.063862,139449.581858
"Manager","NSW",2020-06-30,129526.286669,149796.211614,139453.443226
"Manager","NSW",2020-07-01,129914.595533,150245.193738,139871.83591475
"Manager","NSW",2021-06-30,129872.841808,150196.905888,139826.881996
"Manager","NSW",2021-07-01,132522.26913,153260.780055,142679.2366425
"Manager","NSW",2022-06-30,132438.36897,153163.750295,142588.9060825
"Manager","NSW",2022-07-01,135788.981572,157038.62214,146196.09255
"Manager","NSW",2022-12-01,135755.11,156999.45,146159.625
"Manager","NT",2014-08-14,123181.888348,134258.98859,128680.971366
"Manager","NT",2015-08-12,123164.238368,134239.75144,128662.533456
"Manager","NT",2015-08-13,126859.448832,138266.8428,132522.335258667
"Manager","NT",2016-08-10,126843.651456,138249.6249,132505.832702667
"Manager","NT",2016-08-11,130648.548585,142397.47875,136481.02791
"Manager","NT",2017-08-09,130626.078747,142372.98825,136457.554962
"Manager","NT",2017-08-10,133891.300815,145932.565839,139868.774671
"Manager","NT",2018-08-22,133862.57761,145901.259466,139838.769140667
"Manager","NT",2018-08-23,137209.015636,149549.069064,143334.881638667
"Manager","NT",2019-08-21,137187.172122,149525.261028,143312.062894
"Manager","NT",2019-08-22,140617.003098,153263.493669,146894.915024
"Manager","NT",2020-08-19,140604.76529,153250.155245,146882.130853333
"Manager","NT",2020-08-20,144119.953209,157080.769806,150554.02112
"Manager","NT",2021-08-09,144092.014781,157050.318854,150524.835413333
"Manager","NT",2021-08-10,148135.336238,161093.627492,154568.150506667
"Manager","NT",2022-08-09,148036.419713,160986.058142,154464.938506667
"Manager","NT",2022-08-10,146016.037713,158965.676142,152444.556506667
"Manager","NT",2022-12-01,145988.43,158935.62,152415.733333333
"Manager","Queensland",2015-09-01,110070.91472,116415.08882,113245.02543
"Manager","Queensland",2016-06-01,110061.885648,116405.539338,113235.735987
"Manager","Queensland",2016-06-02,111377.046664,117720.694084,114550.893866
"Manager","Queensland",2016-08-31,111371.43238,117714.76003,114545.119595
"Manager","Queensland",2016-09-01,112807.027585,119310.203045,116060.89162875
"Manager","Queensland",2017-08-31,112787.737566,119289.800982,116041.0451985
"Manager","Queensland",2017-09-01,115605.837858,122271.767838,118941.0787725
"Manager","Queensland",2019-08-31,115563.665217,122227.163487,118897.68944625
"Manager","Queensland",2019-09-01,120528.426447,127355.731503,123955.223964
"Manager","Queensland",2020-06-29,120536.531979,127364.296171,123963.559948
"Manager","Queensland",2020-06-30,121800.558229,128628.322421,125227.586198
"Manager","Queensland",2020-08-31,121779.96145,128606.57105,125206.4099
"Manager","Queensland",2020-09-01,122707.983983,129672.089495,126203.180376
"Manager","Queensland",2021-08-31,122682.739647,129645.412455,126177.216984
"Manager","Queensland",2021-09-01,125750.393278,132885.905779,129332.04856475
"Manager","Queensland",2022-02-28,125711.082246,132844.364103,129291.61786575
"Manager","Queensland",2022-03-01,128852.41572,136166.55948,132523.12962
"Manager","Queensland",2022-08-31,128808.296914,136119.936326,132477.753969
"Manager","Queensland",2022-09-01,132028.600927,139522.064241,135789.72754925
"Manager","Queensland",2022-12-01,132005.99,139498.17,135766.4725
"Manager","SA",2014-10-01,91316.866179,110832.649774,101658.831596667
"Manager","SA",2015-09-30,91304.232999,110817.316694,101644.767663333
"Manager","SA",2015-10-01,93586.914711,113587.69902,104185.802536
"Manager","SA",2016-09-30,93573.31824,113571.1968,104170.66624
"Manager","SA",2016-10-01,95912.3224,116410.98256,106775.067786667
"Manager","SA",2017-09-30,95896.20555,116391.42117,106757.12559
"Manager","SA",2017-10-01,97716.92355,118212.13917,108577.84359
"Manager","SA",2018-09-30,97696.25008,118187.129632,108554.872330667
"Manager","SA",2018-10-01,99516.58288,120007.462432,110375.205130667
"Manager","SA",2019-09-30,99500.83808,119988.475712,110357.742357333
"Manager","SA",2019-10-01,101320.782675,121808.400045,112177.676215
"Manager","SA",2021-07-31,101294.929785,121777.319559,112149.053093
"Manager","SA",2021-08-01,102814.176208,123603.852024,113831.039814667
"Manager","SA",2021-12-08,102796.682432,123582.820896,113811.671525333
"Manager","SA",2021-12-09,103807.283724,124593.401622,114822.261919
"Manager","SA",2022-07-31,103755.6216,124531.3948,114765.117933333
"Manager","SA",2022-08-01,104286.883566,125373.777492,115461.368171
"Manager","SA",2022-12-01,104266.34,125349.08,115438.623333333
"Manager","Tasmania",2014-12-01,110585.430445,118107.29196,114567.47337
"Manager","Tasmania",2015-11-30,110568.164363,118088.851464,114549.585558
"Manager","Tasmania",2015-12-01,112779.952605,120450.385662,116840.54691525
"Manager","Tasmania",2016-11-30,112763.232855,120432.528762,116823.22517775
"Manager","Tasmania",2016-12-01,115018.080324,122841.138842,119159.5061365
"Manager","Tasmania",2017-11-30,114994.886748,122816.367734,119135.4774355
"Manager","Tasmania",2017-12-01,117294.67392,125272.91264,121517.94164
"Manager","Tasmania",2018-11-30,117275.655168,125252.600256,121498.238106
"Manager","Tasmania",2018-12-01,119738.230631,127883.055589,124049.8101205
"Manager","Tasmania",2019-08-18,119723.548659,127867.374921,124034.5994745
"Manager","Tasmania",2019-08-19,120144.188307,128308.237629,124466.10901725
"Manager","Tasmania",2019-11-30,120137.653262,128301.258514,124459.3388885
"Manager","Tasmania",2019-12-01,122776.740471,131128.418211,127198.02362325
"Manager","Tasmania",2020-11-30,122767.390438,131118.432158,127188.3368885
"Manager","Tasmania",2020-12-01,125591.050662,134134.178112,130113.60035025
"Manager","Tasmania",2021-11-30,125552.914508,134093.447808,130074.0909085
"Manager","Tasmania",2021-12-01,128503.061533,137244.71827,133130.86368175
"Manager","Tasmania",2022-11-30,128412.791423,137148.30737,133037.34265925
"Manager","Tasmania",2022-12-01,133952.26,142993.78,138738.65
"Manager","Victoria",2016-01-01,109219.735388,146156.824355,127688.785762
"Manager","Victoria",2016-06-30,109213.906196,146149.023785,127681.970854
"Manager","Victoria",2016-07-01,110851.782642,148341.289572,129597.04197
"Manager","Victoria",2016-12-31,110841.373777,148327.360482,129584.872945
"Manager","Victoria",2017-01-01,112780.670404,150923.205628,131852.69673925
"Manager","Victoria",2017-06-30,112771.305748,150910.673836,131841.74845225
"Manager","Victoria",2017-07-01,114462.612332,153174.516022,133819.32283725
"Manager","Victoria",2017-12-31,114449.37308,153156.79918,133803.8447025
"Manager","Victoria",2018-01-01,116452.00448,155837.08868,136145.3051525
"Manager","Victoria",2018-06-30,116442.448192,155824.300372,136134.13279225
"Manager","Victoria",2018-07-01,118189.161324,158161.679676,138176.179011
"Manager","Victoria",2018-12-31,118181.915818,158151.983682,138167.7082145
"Manager","Victoria",2019-01-01,120250.114596,160920.032588,140585.83205725
"Manager","Victoria",2019-06-30,120238.937244,160905.074932,140572.76448275
"Manager","Victoria",2019-07-01,122042.905556,163318.792623,142681.354686
"Manager","Victoria",2020-03-19,122022.508608,163291.497264,142657.508448
"Manager","Victoria",2020-03-20,123852.339546,165741.044482,144797.45028125
"Manager","Victoria",2020-06-30,123876.594942,165773.503414,144825.80759375
"Manager","Victoria",2020-07-01,125677.579543,167835.383033,146757.23970375
"Manager","Victoria",2020-11-30,125652.847226,167802.354406,146728.3590825
"Manager","Victoria",2020-12-01,125399.967693,167812.298643,146606.89143375
"Manager","Victoria",2021-06-30,125384.463568,167791.550768,146588.76534
"Manager","Victoria",2021-07-01,127221.13575,169894.046385,148558.34923875
"Manager","Victoria",2021-08-31,127214.33985,169884.970983,148550.41354725
"Manager","Victoria",2021-09-01,127257.554227,170299.078847,148779.07466625
"Manager","Victoria",2022-05-31,127194.230048,170214.336928,148705.04124
"Manager","Victoria",2022-06-01,128784.116511,172341.592807,150563.61240875
"Manager","Victoria",2022-06-30,128774.174085,172328.287645,150551.98855625
"Manager","Victoria",2022-07-01,130646.798892,174471.530652,152559.922461
"Manager","Victoria",2022-12-01,130614.21,174428.01,152521.8675
"Manager","WA",2015-06-13,129612.298182,140780.119743,134997.042563667
"Manager","WA",2016-06-12,129597.695466,140764.258809,134981.833177667
"Manager","WA",2016-06-13,132837.283744,144283.087051,138356.319989
"Manager","WA",2017-06-12,132812.731392,144256.419168,138330.747552
"Manager","WA",2017-06-13,133824.283392,145267.971168,139342.299552
"Manager","WA",2018-06-12,133796.501232,145237.813278,139313.371842
"Manager","WA",2018-06-13,134807.843232,146249.155278,140324.713842
"Manager","WA",2019-06-12,134787.315648,146226.885492,140303.346188
"Manager","WA",2019-06-13,135798.503648,147238.073492,141314.534188
"Manager","WA",2020-06-12,135802.12964,147242.004935,141318.307465
"Manager","WA",2020-06-13,136813.479936,148253.366544,142329.663216
"Manager","WA",2021-06-12,136772.349952,148208.797408,142286.874912
"Manager","WA",2021-06-13,137783.125656,149219.561799,143297.645161
"Manager","WA",2022-06-12,137700.393984,149129.963136,143211.602304
"Manager","WA",2022-06-13,141831.105885,153603.133137,147507.31367
"Manager","WA",2022-12-01,141788.85,153557.37,147463.366666667
"Officer","ACT",2015-04-09,70628.421864,74761.070472,72719.706664
"Officer","ACT",2015-10-07,70622.279728,74754.568944,72713.3826613333
"Officer","ACT",2015-10-08,71681.659456,75875.669936,73804.1289333333
"Officer","ACT",2016-04-06,71678.967384,75872.820354,73801.35715
"Officer","ACT",2016-04-07,72754.495902,77011.079604,74908.588296
"Officer","ACT",2016-10-05,72746.729946,77002.859292,74900.592408
"Officer","ACT",2016-10-06,73838.257522,78158.118312,76024.1542933333
"Officer","ACT",2017-04-05,73830.666978,78150.083688,76016.33904
"Officer","ACT",2017-04-06,74938.265332,79322.41838,77156.642728
"Officer","ACT",2017-10-04,74933.524148,79317.39982,77151.761192
"Officer","ACT",2017-10-05,76619.707984,81101.699932,78887.50892
"Officer","ACT",2018-06-13,76607.133816,81088.390218,78874.56258
"Officer","ACT",2018-06-14,76990.508561,81494.01894,79269.06434
"Officer","ACT",2018-12-12,76985.788687,81489.02298,79264.20478
"Officer","ACT",2018-12-13,78025.385555,82589.296708,80334.4771716667
"Officer","ACT",2019-06-12,78018.21014,82581.701584,80327.0894066667
"Officer","ACT",2019-06-13,79071.868036,83697.041948,81411.757068
"Officer","ACT",2019-12-11,79064.048336,83688.764848,81403.705968
"Officer","ACT",2019-12-12,80131.678011,84818.066256,82502.677026
"Officer","ACT",2020-06-10,80141.822395,84828.80392,82513.12157
"Officer","ACT",2020-06-11,81223.822445,85973.4993,83626.8063566667
"Officer","ACT",2020-12-09,81207.998814,85956.75036,83610.514588
"Officer","ACT",2020-12-10,82303.942326,87117.399024,84739.147682
"Officer","ACT",2021-06-09,82295.557405,87108.52372,84730.5146683333
"Officer","ACT",2021-06-10,83406.470484,88284.130534,85874.111558
"Officer","ACT",2021-12-08,83389.144224,88265.791024,85856.272688
"Officer","ACT",2021-12-09,84514.98486,89457.32253,87015.464082
"Officer","ACT",2022-06-08,84482.5403,89422.98065,86982.05961
"Officer","ACT",2022-06-09,85622.931688,90630.03796,88156.1206426667
"Officer","ACT",2022-12-01,85596.49,90602.05,88128.8966666667
"Officer","Commonwealth",2014-12-31,70066.336811,75219.181119,72642.758965
"Officer","Commonwealth",2015-12-30,70054.773898,75206.767842,72630.77087
"Officer","Commonwealth",2015-12-31,70054.773898,75328.181682,72691.47779
"Officer","Commonwealth",2016-12-30,70044.388048,75317.014032,72680.70104
"Officer","Commonwealth",2016-12-31,70044.318809,75316.939581,72680.629195
"Officer","Commonwealth",2017-12-30,70030.40177,75301.97493,72666.18835
"Officer","Commonwealth",2017-12-31,72132.15331,77436.09223,74784.12277
"Officer","Commonwealth",2018-12-30,72121.883662,77425.067446,74773.475554
"Officer","Commonwealth",2018-12-31,73349.584866,78973.346312,76161.465589
"Officer","Commonwealth",2019-12-30,73333.555515,78956.08798,76144.8217475
"Officer","Commonwealth",2019-12-31,74066.504384,79745.650872,76906.077628
"Officer","Commonwealth",2020-12-30,74062.695072,79741.549476,76902.122274
"Officer","Commonwealth",2020-12-31,74281.000192,80602.851975,77441.9260835
"Officer","Commonwealth",2021-12-30,74256.460544,80576.223825,77416.3421845
"Officer","Commonwealth",2021-12-31,76915.475628,82935.061884,79925.268756
"Officer","Commonwealth",2022-12-01,76864.03,82879.59,79871.81
"Officer","NSW",2015-07-01,78364.751976,98579.231562,88071.05135775
"Officer","NSW",2016-06-30,78356.232696,98568.514702,88061.47687525
"Officer","NSW",2016-07-01,80314.856784,101032.981812,90262.9056105
"Officer","NSW",2017-06-30,80300.647048,101015.106514,90246.93581225
"Officer","NSW",2017-07-01,82308.567843,103540.939373,92503.19139575
"Officer","NSW",2018-06-30,82292.294043,103520.467573,92484.90194575
"Officer","NSW",2018-07-01,84349.457244,106108.609464,94797.187758
"Officer","NSW",2019-06-30,84336.529779,106092.347174,94782.6590655
"Officer","NSW",2019-07-01,86444.867184,108744.706413,97152.263461875
"Officer","NSW",2020-06-30,86447.260848,108747.717561,97154.953614375
"Officer","NSW",2020-07-01,86706.133424,109074.341944,97446.438067625
"Officer","NSW",2021-06-30,86678.266624,109039.286144,97415.119402
"Officer","NSW",2021-07-01,88446.236235,111263.14728,99402.189883125
"Officer","NSW",2022-06-30,88390.240715,111192.70632,99339.258123125
"Officer","NSW",2022-07-01,90626.676164,114005.927948,101852.343825
"Officer","NSW",2022-12-01,90604.07,113977.49,101826.9375
"Officer","NT",2014-08-14,61435.099716,76641.066118,68691.4245735555
"Officer","NT",2015-08-12,61426.297056,76630.084688,68681.5821991111
"Officer","NT",2015-08-13,63268.843128,78928.966992,70742.1218542222
"Officer","NT",2016-08-10,63260.964474,78919.138236,70733.3125782222
"Officer","NT",2016-08-11,65158.860525,81286.44993,72855.1252833333
"Officer","NT",2017-08-09,65147.654055,81272.469726,72842.5951566667
"Officer","NT",2017-08-10,66776.218965,83304.635505,74663.6881336667
"Officer","NT",2018-08-22,66761.89371,83286.76447,74647.6708091111
"Officer","NT",2018-08-23,68430.56181,85369.059996,76513.994612
"Officer","NT",2019-08-21,68419.667745,85355.469342,76501.813674
"Officer","NT",2019-08-22,70130.538621,87489.002172,78414.4657486667
"Officer","NT",2020-08-19,70124.435205,87481.38806,78407.6413877778
"Officer","NT",2020-08-20,71877.479733,89668.144281,80367.8251053333
"Officer","NT",2021-08-09,71863.545897,89650.761629,80352.2453702222
"Officer","NT",2021-08-10,75906.938806,93694.136942,84395.6298817778
"Officer","NT",2022-08-09,75856.252381,93631.573217,84339.2751817778
"Officer","NT",2022-08-10,73835.870381,91611.191217,82318.8931817778
"Officer","NT",2022-12-01,73821.91,91593.87,82303.3288888889
"Officer","Queensland",2015-09-01,66773.69719,84109.38058,75420.5434125
"Officer","Queensland",2016-06-01,66768.219771,84102.481122,75414.35669625
"Officer","Queensland",2016-06-02,68083.423578,85417.667796,76729.5519575
"Officer","Queensland",2016-08-31,68079.991635,85413.36207,76725.68418125
"Officer","Queensland",2016-09-01,68433.07319,86201.472475,77295.26846625
"Officer","Queensland",2017-08-31,68421.371124,86186.73201,77282.0509635
"Officer","Queensland",2017-09-01,70130.843304,88340.262348,79214.310864
"Officer","Queensland",2019-08-31,70105.259796,88308.036102,79185.413736
"Officer","Queensland",2019-09-01,74104.369911,92663.072073,83367.28975575
"Officer","Queensland",2020-06-29,74109.353427,92669.303661,83372.89620275
"Officer","Queensland",2020-06-30,75373.379677,93933.329911,84636.92245275
"Officer","Queensland",2020-08-31,75360.63385,93917.44555,84622.6101375
"Officer","Queensland",2020-09-01,75439.421135,94352.103729,84876.173357625
"Officer","Queensland",2021-08-31,75423.901215,94332.692961,84858.712043625
"Officer","Queensland",2021-09-01,77309.977559,96690.793706,86980.42156225
"Officer","Queensland",2022-02-28,77285.809563,96660.567042,86953.23047325
"Officer","Queensland",2022-03-01,79217.69436,99077.44392,89126.727165
"Officer","Queensland",2022-08-31,79190.570382,99043.520004,89096.21035425
"Officer","Queensland",2022-09-01,81169.420896,101521.376327,91323.93243525
"Officer","Queensland",2022-12-01,81155.52,101503.99,91308.2925
"Officer","SA",2016-10-01,68424.9768,71946.63488,70491.83904
"Officer","SA",2017-09-30,68413.47885,71934.54516,70479.99378
"Officer","SA",2017-10-01,69930.74385,73451.81016,71997.25878
"Officer","SA",2018-09-30,69915.94896,73436.270336,71982.026688
"Officer","SA",2018-10-01,71432.89296,74953.214336,73498.970688
"Officer","SA",2019-09-30,71421.59136,74941.355776,73487.342208
"Officer","SA",2019-10-01,72938.223225,76457.98416,75003.97203
"Officer","SA",2021-07-31,72919.612395,76438.475232,74984.834106
"Officer","SA",2021-08-01,74013.308092,77584.733,76109.359478
"Officer","SA",2021-12-08,74000.714768,77571.532,76096.409512
"Officer","SA",2021-12-09,75011.344551,78582.15825,77107.0372215
"Officer","SA",2022-07-31,74974.0134,78543.05,77068.6631
"Officer","SA",2022-08-01,75072.938685,78695.512299,77199.40758
"Officer","SA",2022-12-01,75058.15,78680.01,77184.2
"Officer","Tasmania",2014-12-01,64885.542645,81791.262875,73622.3941313636
"Officer","Tasmania",2015-11-30,64875.411843,81778.492525,73610.8992148182
"Officer","Tasmania",2015-12-01,66172.535597,83413.556477,75083.1558313636
"Officer","Tasmania",2016-11-30,66162.725447,83401.190327,75072.0246722727
"Officer","Tasmania",2016-12-01,67485.893014,85069.31214,76573.4170641818
"Officer","Tasmania",2017-11-30,67472.284378,85052.15778,76557.9759147273
"Officer","Tasmania",2017-12-01,68821.41192,86753.23168,78088.8688436364
"Officer","Tasmania",2018-11-30,68810.252868,86739.165072,78076.2071192727
"Officer","Tasmania",2018-12-01,70255.435744,88560.560721,79715.932079
"Officer","Tasmania",2019-08-18,70246.821216,88549.701669,79706.157531
"Officer","Tasmania",2019-08-19,70527.92175,88892.482536,80021.913036
"Officer","Tasmania",2019-11-30,70524.0855,88887.647376,80017.560376
"Officer","Tasmania",2019-12-01,72038.781552,90807.812289,81739.0815218182
"Officer","Tasmania",2020-11-30,72033.295456,90800.896842,81732.8567018182
"Officer","Tasmania",2020-12-01,73690.287627,92889.576417,83612.539632
"Officer","Tasmania",2021-11-30,73667.911318,92861.370178,83587.1503970909
"Officer","Tasmania",2021-12-01,75399.1898,95043.407668,85551.34247
"Officer","Tasmania",2022-11-30,75346.2238,94976.642108,85491.2448427273
"Officer","Tasmania",2022-12-01,79028.46,99345.62,89528.5118181818
"Officer","Victoria",2016-01-01,62336.839191,87559.52774,74206.042102
"Officer","Victoria",2016-06-30,62333.512197,87554.85458,74202.081634
"Officer","Victoria",2016-07-01,63268.28541,88867.988388,75315.019306
"Officer","Victoria",2016-12-31,63262.344585,88859.643778,75307.9473054444
"Officer","Victoria",2017-01-01,64369.068899,90414.520625,76625.8214898333
"Officer","Victoria",2017-06-30,64363.724063,90407.013125,76619.4589238333
"Officer","Victoria",2017-07-01,65328.739901,91763.497652,77768.8011040556
"Officer","Victoria",2017-12-31,65321.18369,91752.88388,77759.8060205556
"Officer","Victoria",2018-01-01,66464.09959,93359.03472,79120.5727044445
"Officer","Victoria",2018-06-30,66458.645411,93351.373488,79114.0799095556
"Officer","Victoria",2018-07-01,67455.900252,94752.182772,80300.918828
"Officer","Victoria",2018-12-31,67451.764914,94746.374054,80295.9960348889
"Officer","Victoria",2019-01-01,68632.003542,96404.978423,81701.0901734444
"Officer","Victoria",2019-06-30,68625.624138,96396.017497,81693.4959865556
"Officer","Victoria",2019-07-01,69655.018612,97842.023487,82918.8933703889
"Officer","Victoria",2020-03-19,69643.377216,97825.671216,82905.035192
"Officer","Victoria",2020-03-20,70687.695091,99292.56883,84148.5114809444
"Officer","Victoria",2020-06-30,70701.538657,99312.01441,84164.9912299444
"Officer","Victoria",2020-07-01,71675.34448,100547.726472,85266.7726883889
"Officer","Victoria",2020-11-30,71661.23936,100527.939504,85249.9928867778
"Officer","Victoria",2020-12-01,71571.187611,100533.906198,85200.2000336667
"Officer","Victoria",2021-06-30,71562.338736,100521.476448,85189.6661031111
"Officer","Victoria",2021-07-01,72554.966835,101780.95218,86312.7423375
"Officer","Victoria",2021-08-31,72551.091093,101775.515244,86308.1316825
"Officer","Victoria",2021-09-01,72631.814667,102023.98027,86462.7315999445
"Officer","Victoria",2022-05-31,72595.672608,101973.21248,86419.7071875555
"Officer","Victoria",2022-06-01,73502.736083,103247.949936,87499.7772057778
"Officer","Victoria",2022-06-30,73497.061505,103239.97896,87493.0220244444
"Officer","Victoria",2022-07-01,74509.115756,104349.939332,88570.3643431111
"Officer","Victoria",2022-12-01,74490.53,104323.91,88548.2711111111
"Officer","WA",2015-06-13,75471.079711,92787.931953,83725.4873841428
"Officer","WA",2016-06-12,75462.576793,92777.478039,83716.0544867143
"Officer","WA",2016-06-13,77349.470028,95097.395566,85809.0534094286
"Officer","WA",2017-06-12,77335.173504,95079.818688,85793.1932982857
"Officer","WA",2017-06-13,78346.725504,96091.370688,86804.7452982857
"Officer","WA",2018-06-12,78330.460584,96071.421948,86786.7244782857
"Officer","WA",2018-06-13,79341.802584,97082.763948,87798.0664782857
"Officer","WA",2019-06-12,79329.720976,97067.980872,87784.6972102857
"Officer","WA",2019-06-13,80340.908976,98079.168872,88795.8852102857
"Officer","WA",2020-06-12,80343.05418,98081.78771,88798.2561728571
"Officer","WA",2020-06-13,81354.349632,99093.100704,89809.5599862857
"Officer","WA",2021-06-12,81329.892224,99063.310528,89782.560704
"Officer","WA",2021-06-13,82340.722772,100074.123534,90793.3828905714
"Officer","WA",2022-06-12,82291.281408,100014.034176,90738.8661394286
"Officer","WA",2022-06-13,85443.176172,103165.876314,93890.7358191429
"Officer","WA",2022-12-01,85417.72,103135.14,93862.7628571429
"Policy Officer (Collective Agreement)","National",2014-05-16,90915.49363095,90915.49363095,90915.49363095
"Policy Officer (Collective Agreement)","National",2016-05-20,90279.5696397,90279.5696397,90279.5696397
"Policy Officer (Collective Agreement)","National",2018-05-18,94233.093897075,94233.093897075,94233.093897075
"Policy Officer (Collective Agreement)","National",2021-05-21,110224.284429257,110224.284429257,110224.284429257
"Principal Officer","ACT",2015-04-09,95780.506536,103101.689856,99441.098196
"Principal Officer","ACT",2015-10-07,95772.177072,103092.723712,99432.450392
"Principal Officer","ACT",2015-10-08,97208.967152,104638.790784,100923.878968
"Principal Officer","ACT",2016-04-06,97205.316378,104634.860976,100920.088677
"Principal Officer","ACT",2016-04-07,98663.300004,106204.141062,102433.720533
"Principal Officer","ACT",2016-10-05,98652.768492,106192.804626,102422.786559
"Principal Officer","ACT",2016-10-06,100132.754429,107786.090934,103959.4226815
"Principal Officer","ACT",2017-04-05,100122.460821,107775.010566,103948.7356935
"Principal Officer","ACT",2017-04-06,101624.546264,109391.39608,105507.971172
"Principal Officer","ACT",2017-10-04,101618.116696,109384.47512,105501.295908
"Principal Officer","ACT",2017-10-05,103904.124776,111845.474084,107874.79943
"Principal Officer","ACT",2018-06-13,103887.072924,111827.118966,107857.095945
"Principal Officer","ACT",2018-06-14,104407.005948,112386.502218,108396.754083
"Principal Officer","ACT",2018-12-12,104400.605316,112379.612406,108390.108861
"Principal Officer","ACT",2018-12-13,105810.33103,113896.533906,109853.432468
"Principal Officer","ACT",2019-06-12,105800.60044,113886.059688,109843.330064
"Principal Officer","ACT",2019-06-13,107229.409084,115423.065448,111326.237266
"Principal Officer","ACT",2019-12-11,107218.804784,115411.650848,111315.227816
"Principal Officer","ACT",2019-12-12,108666.575325,116969.621769,112818.098547
"Principal Officer","ACT",2020-06-10,108680.332125,116984.429705,112832.380915
"Principal Officer","ACT",2020-06-11,110147.60509,118563.947535,114355.7763125
"Principal Officer","ACT",2020-12-09,110126.146668,118540.849482,114333.498075
"Principal Officer","ACT",2020-12-10,111613.354146,120141.290976,115877.322561
"Principal Officer","ACT",2021-06-09,111601.983255,120129.05128,115865.5172675
"Principal Officer","ACT",2021-06-10,113108.134718,121750.438504,117429.286611
"Principal Officer","ACT",2021-12-08,113084.638448,121725.146944,117404.892696
"Principal Officer","ACT",2021-12-09,114610.688091,123368.429586,118989.5588385
"Principal Officer","ACT",2022-06-08,114566.690055,123321.06953,118943.8797925
"Principal Officer","ACT",2022-06-09,116113.137536,124985.69752,120549.417528
"Principal Officer","ACT",2022-12-01,116077.28,124947.1,120512.19
"Principal Officer","Commonwealth",2014-12-31,109303.647337,109303.647337,109303.647337
"Principal Officer","Commonwealth",2015-12-30,109285.609166,109285.609166,109285.609166
"Principal Officer","Commonwealth",2015-12-31,109658.956724,109658.956724,109658.956724
"Principal Officer","Commonwealth",2016-12-30,109642.699424,109642.699424,109642.699424
"Principal Officer","Commonwealth",2016-12-31,110061.406276,110061.406276,110061.406276
"Principal Officer","Commonwealth",2017-12-30,110039.53828,110039.53828,110039.53828
"Principal Officer","Commonwealth",2017-12-31,112908.96519,112908.96519,112908.96519
"Principal Officer","Commonwealth",2018-12-30,112892.890038,112892.890038,112892.890038
"Principal Officer","Commonwealth",2018-12-31,115151.091676,115151.091676,115151.091676
"Principal Officer","Commonwealth",2019-12-30,115125.92729,115125.92729,115125.92729
"Principal Officer","Commonwealth",2019-12-31,116277.41532,116277.41532,116277.41532
"Principal Officer","Commonwealth",2020-12-30,116271.43506,116271.43506,116271.43506
"Principal Officer","Commonwealth",2020-12-31,117036.655382,117036.655382,117036.655382
"Principal Officer","Commonwealth",2021-12-30,116997.990874,116997.990874,116997.990874
"Principal Officer","Commonwealth",2021-12-31,120928.394076,120928.394076,120928.394076
"Principal Officer","Commonwealth",2022-12-01,120847.51,120847.51,120847.51
"Principal Officer","NSW",2015-07-01,117415.589154,135790.549074,126414.61447275
"Principal Officer","NSW",2016-06-30,117402.824534,135775.786854,126400.87154025
"Principal Officer","NSW",2016-07-01,120337.725618,139169.993382,129560.619834
"Principal Officer","NSW",2017-06-30,120316.434821,139145.370679,129537.697273
"Principal Officer","NSW",2017-07-01,123324.775599,142624.080812,132776.41788025
"Principal Officer","NSW",2018-06-30,123300.392199,142595.881612,132750.16573025
"Principal Officer","NSW",2018-07-01,126383.10282,146161.024308,136069.035453
"Principal Officer","NSW",2019-06-30,126363.733245,146138.623553,136048.18140425
"Principal Officer","NSW",2019-07-01,129522.700177,149792.063862,139449.581858
"Principal Officer","NSW",2020-06-30,129526.286669,149796.211614,139453.443226
"Principal Officer","NSW",2020-07-01,129914.595533,150245.193738,139871.83591475
"Principal Officer","NSW",2021-06-30,129872.841808,150196.905888,139826.881996
"Principal Officer","NSW",2021-07-01,132522.26913,153260.780055,142679.2366425
"Principal Officer","NSW",2022-06-30,132438.36897,153163.750295,142588.9060825
"Principal Officer","NSW",2022-07-01,135788.981572,157038.62214,146196.09255
"Principal Officer","NSW",2022-12-01,135755.11,156999.45,146159.625
"Principal Officer","NT",2014-08-14,106777.741178,119285.776898,112907.960518333
"Principal Officer","NT",2015-08-12,106762.441648,119268.685168,112891.782626667
"Principal Officer","NT",2015-08-13,109964.889928,122846.52312,116278.384330667
"Principal Officer","NT",2016-08-10,109951.196374,122831.22546,116263.904578667
"Principal Officer","NT",2016-08-11,113249.245995,126515.73366,119751.47403
"Principal Officer","NT",2017-08-09,113229.768609,126493.974612,119730.878346
"Principal Officer","NT",2017-08-10,116060.032347,129656.020518,122723.998575
"Principal Officer","NT",2018-08-22,116035.134418,129628.205892,122697.67105
"Principal Officer","NT",2018-08-23,118935.58297,132868.455948,125764.986412
"Principal Officer","NT",2019-08-21,118916.648565,132847.303446,125744.964774
"Principal Officer","NT",2019-08-22,121889.438385,136168.941051,128888.639451
"Principal Officer","NT",2020-08-19,121878.830425,136157.090355,128877.422355
"Principal Officer","NT",2020-08-20,124925.933217,139561.070142,132099.425202
"Principal Officer","NT",2021-08-09,124901.715653,139534.015478,132073.817018
"Principal Officer","NT",2021-08-10,128945.056094,143577.341444,136117.150364
"Principal Officer","NT",2022-08-09,128858.953769,143481.468494,136026.258914
"Principal Officer","NT",2022-08-10,126838.571769,141461.086494,134005.876914
"Principal Officer","NT",2022-12-01,126814.59,141434.34,133980.54
"Principal Officer","Queensland",2015-09-01,99345.51672,106528.49789,102939.7898375
"Principal Officer","Queensland",2016-06-01,99337.367448,106519.759401,102931.34572875
"Principal Officer","Queensland",2016-06-02,100652.539064,107834.923918,104246.5137925
"Principal Officer","Queensland",2016-08-31,100647.46538,107829.488185,104241.25894375
"Principal Officer","Queensland",2016-09-01,101815.973105,109178.07762,105499.5546
"Principal Officer","Queensland",2017-08-31,101798.562558,109159.408152,105481.51416
"Principal Officer","Queensland",2017-09-01,104342.540388,111887.482986,108118.552014
"Principal Officer","Queensland",2019-08-31,104304.476562,111846.666789,108079.110711
"Principal Officer","Queensland",2019-09-01,109007.349165,116731.546932,112882.5930375
"Principal Officer","Queensland",2020-06-29,109014.679905,116739.397124,112890.1843875
"Principal Officer","Queensland",2020-06-30,110278.706155,118003.423374,114154.2106375
"Principal Officer","Queensland",2020-08-31,110260.05775,117983.4687,114134.906875
"Principal Officer","Queensland",2020-09-01,110970.716142,118830.611068,114920.3790605
"Principal Officer","Queensland",2021-08-31,110947.886478,118806.164412,114896.7368445
"Principal Officer","Queensland",2021-09-01,113721.409178,121775.77433,117769.06124375
"Principal Officer","Queensland",2022-02-28,113685.858546,121737.70581,117732.24526875
"Principal Officer","Queensland",2022-03-01,116528.1138,124780.02012,120675.03525
"Principal Officer","Queensland",2022-08-31,116488.21481,124737.295694,120633.7163625
"Principal Officer","Queensland",2022-09-01,119400.428254,127854.566091,123649.7209785
"Principal Officer","Queensland",2022-12-01,119379.98,127832.67,123628.545
"Principal Officer","SA",2014-10-01,92909.702237,108855.266256,101129.621044571
"Principal Officer","SA",2015-09-30,92896.848697,108840.206736,101115.630324571
"Principal Officer","SA",2015-10-01,95218.991662,111561.009539,103643.607810714
"Principal Officer","SA",2016-09-30,95205.15808,111544.80176,103628.550285714
"Principal Officer","SA",2016-10-01,97585.64112,114332.99184,106219.173714286
"Principal Officer","SA",2017-09-30,97569.24309,114313.77963,106201.324928571
"Principal Officer","SA",2017-10-01,99389.96109,116134.49763,108022.042928571
"Principal Officer","SA",2018-09-30,99368.933664,116109.927648,107999.189257143
"Principal Officer","SA",2018-10-01,101189.266464,117930.260448,109819.522057143
"Principal Officer","SA",2019-09-30,101173.257024,117911.602368,109802.1472
"Principal Officer","SA",2019-10-01,102993.199965,119731.528755,111622.081607143
"Principal Officer","SA",2021-07-31,102966.920343,119700.978201,111593.60025
"Principal Officer","SA",2021-08-01,104511.437012,121496.175564,113267.500513143
"Principal Officer","SA",2021-12-08,104493.654448,121475.503056,113248.228109714
"Principal Officer","SA",2021-12-09,105504.254061,122486.085867,114258.819060857
"Principal Officer","SA",2022-07-31,105451.7474,122425.1278,114201.955485714
"Principal Officer","SA",2022-08-01,106008.262662,123236.196408,114889.499327571
"Principal Officer","SA",2022-12-01,105987.38,123211.92,114866.867142857
"Principal Officer","Tasmania",2014-12-01,101554.744025,106929.23703,104431.47910125
"Principal Officer","Tasmania",2015-11-30,101538.887935,106912.541802,104415.17385675
"Principal Officer","Tasmania",2015-12-01,103569.564514,109050.468863,106503.2699155
"Principal Officer","Tasmania",2016-11-30,103554.210214,109034.302013,106487.4806905
"Principal Officer","Tasmania",2016-12-01,105624.947214,111215.30301,108617.1431705
"Principal Officer","Tasmania",2017-11-30,105603.647778,111192.87627,108595.2403535
"Principal Officer","Tasmania",2017-12-01,107715.32568,113416.81296,110767.09302
"Principal Officer","Tasmania",2018-11-30,107697.860172,113398.422984,110749.132683
"Principal Officer","Tasmania",2018-12-01,109959.182041,115780.092453,113074.926478
"Principal Officer","Tasmania",2019-08-18,109945.699149,115765.895817,113061.061542
"Principal Officer","Tasmania",2019-08-19,110342.071125,116176.423935,113465.0171655
"Principal Officer","Tasmania",2019-11-30,110336.06925,116170.10471,113458.845423
"Principal Officer","Tasmania",2019-12-01,112749.671688,118718.189085,115944.2389785
"Principal Officer","Tasmania",2020-11-30,112741.085264,118709.14813,115935.409273
"Principal Officer","Tasmania",2020-12-01,115334.242617,121439.798436,118601.862489
"Principal Officer","Tasmania",2021-11-30,115299.220978,121402.922824,118565.848626
"Principal Officer","Tasmania",2021-12-01,118008.828454,124256.045507,121352.01437975
"Principal Officer","Tasmania",2022-11-30,117925.930274,124168.758817,121266.76769725
"Principal Officer","Tasmania",2022-12-01,123098.8,129559.77,126556.2825
"Principal Officer","Victoria",2016-01-01,109219.735388,146156.824355,127688.785762
"Principal Officer","Victoria",2016-06-30,109213.906196,146149.023785,127681.970854
"Principal Officer","Victoria",2016-07-01,110851.782642,148341.289572,129597.04197
"Principal Officer","Victoria",2016-12-31,110841.373777,148327.360482,129584.872945
"Principal Officer","Victoria",2017-01-01,112780.670404,150923.205628,131852.69673925
"Principal Officer","Victoria",2017-06-30,112771.305748,150910.673836,131841.74845225
"Principal Officer","Victoria",2017-07-01,114462.612332,153174.516022,133819.32283725
"Principal Officer","Victoria",2017-12-31,114449.37308,153156.79918,133803.8447025
"Principal Officer","Victoria",2018-01-01,116452.00448,155837.08868,136145.3051525
"Principal Officer","Victoria",2018-06-30,116442.448192,155824.300372,136134.13279225
"Principal Officer","Victoria",2018-07-01,118189.161324,158161.679676,138176.179011
"Principal Officer","Victoria",2018-12-31,118181.915818,158151.983682,138167.7082145
"Principal Officer","Victoria",2019-01-01,120250.114596,160920.032588,140585.83205725
"Principal Officer","Victoria",2019-06-30,120238.937244,160905.074932,140572.76448275
"Principal Officer","Victoria",2019-07-01,122042.905556,163318.792623,142681.354686
"Principal Officer","Victoria",2020-03-19,122022.508608,163291.497264,142657.508448
"Principal Officer","Victoria",2020-03-20,123852.339546,165741.044482,144797.45028125
"Principal Officer","Victoria",2020-06-30,123876.594942,165773.503414,144825.80759375
"Principal Officer","Victoria",2020-07-01,125677.579543,167835.383033,146757.23970375
"Principal Officer","Victoria",2020-11-30,125652.847226,167802.354406,146728.3590825
"Principal Officer","Victoria",2020-12-01,125399.967693,167812.298643,146606.89143375
"Principal Officer","Victoria",2021-06-30,125384.463568,167791.550768,146588.76534
"Principal Officer","Victoria",2021-07-01,127221.13575,169894.046385,148558.34923875
"Principal Officer","Victoria",2021-08-31,127214.33985,169884.970983,148550.41354725
"Principal Officer","Victoria",2021-09-01,127257.554227,170299.078847,148779.07466625
"Principal Officer","Victoria",2022-05-31,127194.230048,170214.336928,148705.04124
"Principal Officer","Victoria",2022-06-01,128784.116511,172341.592807,150563.61240875
"Principal Officer","Victoria",2022-06-30,128774.174085,172328.287645,150551.98855625
"Principal Officer","Victoria",2022-07-01,130646.798892,174471.530652,152559.922461
"Principal Officer","Victoria",2022-12-01,130614.21,174428.01,152521.8675
"Principal Officer","WA",2015-06-13,114240.227406,122442.307824,118282.580141
"Principal Officer","WA",2016-06-12,114227.356578,122428.512912,118269.253883
"Principal Officer","WA",2016-06-13,117083.495775,125489.023387,121226.229733667
"Principal Officer","WA",2017-06-12,117061.8552,125465.829216,121203.823456
"Principal Officer","WA",2017-06-13,118073.4072,126477.381216,122215.375456
"Principal Officer","WA",2018-06-12,118048.89495,126451.124286,122190.003326
"Principal Officer","WA",2018-06-13,119060.23695,127462.466286,123201.345326
"Principal Officer","WA",2019-06-12,119042.1073,127443.057204,123182.585097333
"Principal Officer","WA",2019-06-13,120053.2953,128454.245204,124193.773097333
"Principal Officer","WA",2020-06-12,120056.500875,128457.675095,124197.089228333
"Principal Officer","WA",2020-06-13,121067.8356,129469.018128,125208.428048
"Principal Officer","WA",2021-06-12,121031.4392,129430.096096,125170.786869333
"Principal Officer","WA",2021-06-13,122042.230475,130440.879063,126181.574049667
"Principal Officer","WA",2022-06-12,121968.9504,130362.556032,126105.808512
"Principal Officer","WA",2022-06-13,125627.898447,134273.044104,129888.674531
"Principal Officer","WA",2022-12-01,125590.47,134233.04,129849.976666667
"Regulatory Officer (Collective Agreement)","National",2014-05-16,76224.96082725,76224.96082725,76224.96082725
"Regulatory Officer (Collective Agreement)","National",2016-05-20,70899.6327852857,70899.6327852857,70899.6327852857
"Regulatory Officer (Collective Agreement)","National",2018-05-18,75742.151352675,75742.151352675,75742.151352675
"Regulatory Officer (Collective Agreement)","National",2021-05-21,83770.6671621857,83770.6671621857,83770.6671621857
"Senior Officer","ACT",2015-04-09,76104.889608,87100.3254,81022.1747808
"Senior Officer","ACT",2015-10-07,76098.271216,87092.7508,81015.1287616
"Senior Officer","ACT",2015-10-08,77239.608688,88399.015584,82230.1270208
"Senior Officer","ACT",2016-04-06,77236.707882,88395.695676,82227.0387912
"Senior Officer","ACT",2016-04-07,78395.202852,89721.135336,83460.4059252
"Senior Officer","ACT",2016-10-05,78386.834796,89711.558328,83451.4971996
"Senior Officer","ACT",2016-10-06,79562.325988,91057.000062,84703.0614958
"Senior Officer","ACT",2017-04-05,79554.147012,91047.639438,84694.3540542
"Senior Officer","ACT",2017-04-06,80747.723328,92413.171632,85964.6024464
"Senior Officer","ACT",2017-10-04,80742.614592,92407.324848,85959.1636496
"Senior Officer","ACT",2017-10-05,82559.28296,94486.985296,87893.3692472
"Senior Officer","ACT",2018-06-13,82545.73404,94471.478904,87878.9449428
"Senior Officer","ACT",2018-06-14,82958.443604,94943.869497,88318.3592354
"Senior Officer","ACT",2018-12-12,82953.357868,94938.048999,88312.9449118
"Senior Officer","ACT",2018-12-13,84072.845935,96219.342026,89504.8406984
"Senior Officer","ACT",2019-06-12,84065.11438,96210.493448,89496.6096032
"Senior Officer","ACT",2019-06-13,85199.667316,97508.85884,90704.7770256
"Senior Officer","ACT",2019-12-11,85191.241616,97499.21584,90695.8069056
"Senior Officer","ACT",2019-12-12,86340.763278,98815.554684,91920.1435614
"Senior Officer","ACT",2020-06-10,86351.69371,98828.06438,91931.780323
"Senior Officer","ACT",2020-06-11,87517.624605,100161.856965,93172.743371
"Senior Officer","ACT",2020-12-09,87500.574846,100142.343918,93154.5919092
"Senior Officer","ACT",2020-12-10,88681.44387,101494.074984,94412.2983012
"Senior Officer","ACT",2021-06-09,88672.409225,101483.73502,94402.679811
"Senior Officer","ACT",2021-06-10,89869.243686,102853.423102,95676.944616
"Senior Officer","ACT",2021-12-08,89850.574896,102832.057072,95657.069376
"Senior Officer","ACT",2021-12-09,91063.329597,104220.661251,96948.4510254
"Senior Officer","ACT",2022-06-08,91028.371185,104180.651855,96911.233367
"Senior Officer","ACT",2022-06-09,92256.64028,105586.696808,98219.2996416
"Senior Officer","ACT",2022-12-01,92228.15,105554.09,98188.968
"Senior Officer","Commonwealth",2014-12-31,87881.698956,87881.698956,87881.698956
"Senior Officer","Commonwealth",2015-12-30,87867.196008,87867.196008,87867.196008
"Senior Officer","Commonwealth",2015-12-31,87947.126786,87947.126786,87947.126786
"Senior Officer","Commonwealth",2016-12-30,87934.088336,87934.088336,87934.088336
"Senior Officer","Commonwealth",2016-12-31,88277.955953,88277.955953,88277.955953
"Senior Officer","Commonwealth",2017-12-30,88260.41609,88260.41609,88260.41609
"Senior Officer","Commonwealth",2017-12-31,90471.40207,90471.40207,90471.40207
"Senior Officer","Commonwealth",2018-12-30,90458.521414,90458.521414,90458.521414
"Senior Officer","Commonwealth",2018-12-31,92267.712068,92267.712068,92267.712068
"Senior Officer","Commonwealth",2019-12-30,92247.54847,92247.54847,92247.54847
"Senior Officer","Commonwealth",2019-12-31,93169.5476,93169.5476,93169.5476
"Senior Officer","Commonwealth",2020-12-30,93164.7558,93164.7558,93164.7558
"Senior Officer","Commonwealth",2020-12-31,94137.256232,94137.256232,94137.256232
"Senior Officer","Commonwealth",2021-12-30,94106.156824,94106.156824,94106.156824
"Senior Officer","Commonwealth",2021-12-31,96896.540148,96896.540148,96896.540148
"Senior Officer","Commonwealth",2022-12-01,96831.73,96831.73,96831.73
"Senior Officer","NSW",2015-07-01,101517.60621,111868.69872,106597.78682775
"Senior Officer","NSW",2016-06-30,101506.56991,111856.53712,106586.19824525
"Senior Officer","NSW",2016-07-01,104043.878388,114652.837224,109250.726247
"Senior Officer","NSW",2017-06-30,104025.470386,114632.552228,109231.3970215
"Senior Officer","NSW",2017-07-01,106626.157723,117498.264879,111962.068148
"Senior Officer","NSW",2018-06-30,106605.075923,117475.033479,111939.931348
"Senior Officer","NSW",2018-07-01,109270.083312,120412.104228,114738.441948
"Senior Officer","NSW",2019-06-30,109253.336492,120393.649773,114720.857043
"Senior Officer","NSW",2019-07-01,111984.568785,123403.971334,117588.85318925
"Senior Officer","NSW",2020-06-30,111987.669645,123407.388398,117592.10923225
"Senior Officer","NSW",2020-07-01,112323.395017,123777.495284,117945.02536125
"Senior Officer","NSW",2021-06-30,112287.294992,123737.713984,117907.11858
"Senior Officer","NSW",2021-07-01,114577.871985,126261.796395,120312.42659625
"Senior Officer","NSW",2022-06-30,114505.332465,126181.859755,120236.25651625
"Senior Officer","NSW",2022-07-01,117402.395172,129373.881372,123278.020804
"Senior Officer","NSW",2022-12-01,117373.11,129341.61,123247.27
"Senior Officer","NT",2014-08-14,80039.284884,101812.982016,90529.438466
"Senior Officer","NT",2015-08-12,80027.816544,101798.393856,90516.467056
"Senior Officer","NT",2015-08-13,82428.89388,104852.102832,93231.9350491429
"Senior Officer","NT",2016-08-10,82418.62929,104839.045956,93220.3251931429
"Senior Officer","NT",2016-08-11,84891.154845,107984.333175,96016.87473
"Senior Officer","NT",2017-08-09,84876.554679,107965.761285,96000.361086
"Senior Officer","NT",2017-08-10,86998.746717,110664.525993,98400.2906357143
"Senior Officer","NT",2018-08-22,86980.083198,110640.785542,98379.1811857143
"Senior Officer","NT",2018-08-23,89154.408298,113406.729332,100838.696833714
"Senior Officer","NT",2019-08-21,89140.215021,113388.675114,100822.643431714
"Senior Officer","NT",2019-08-22,91368.796233,116222.936973,103343.303410286
"Senior Officer","NT",2020-08-19,91360.844465,116212.822165,103334.309508571
"Senior Officer","NT",2020-08-20,93644.65506,119118.387345,105917.515504286
"Senior Officer","NT",2021-08-09,93626.50154,119095.295605,105896.982824286
"Senior Officer","NT",2021-08-10,97669.87292,123138.64179,109940.342065714
"Senior Officer","NT",2022-08-09,97604.65442,123056.416665,109866.93003
"Senior Officer","NT",2022-08-10,95584.27242,121036.034665,107846.54803
"Senior Officer","NT",2022-12-01,95566.2,121013.15,107826.157142857
"Senior Officer","Queensland",2015-09-01,88784.03518,94992.62406,91892.37694
"Senior Officer","Queensland",2016-06-01,88776.752262,94984.831854,91884.839046
"Senior Officer","Queensland",2016-06-02,90091.934316,96300.007772,93200.018028
"Senior Officer","Queensland",2016-08-31,90087.39297,96295.15349,93195.32001
"Senior Officer","Queensland",2016-09-01,90991.8483,97355.40985,94177.92877875
"Senior Officer","Queensland",2017-08-31,90976.28868,97338.76206,94161.8243385
"Senior Officer","Queensland",2017-09-01,93251.201658,99772.483992,96515.888913
"Senior Officer","Queensland",2019-08-31,93217.183917,99736.087308,96480.6802245
"Senior Officer","Queensland",2019-09-01,97724.903991,104368.179201,101046.541596
"Senior Officer","Queensland",2020-06-29,97731.475987,104375.197957,101053.336972
"Senior Officer","Queensland",2020-06-30,98995.502237,105639.224207,102317.363222
"Senior Officer","Queensland",2020-08-31,98978.76185,105621.36035,102300.0611
"Senior Officer","Queensland",2020-09-01,99496.321041,106249.117312,102872.46641425
"Senior Officer","Queensland",2021-08-31,99475.851969,106227.259008,102851.30277825
"Senior Officer","Queensland",2021-09-01,101962.319091,108882.522885,105422.16827825
"Senior Officer","Queensland",2022-02-28,101930.444487,108848.484945,105389.21208525
"Senior Officer","Queensland",2022-03-01,104479.68384,111568.48164,108023.32485
"Senior Officer","Queensland",2022-08-31,104443.910208,111530.280818,107986.3378825
"Senior Officer","Queensland",2022-09-01,107055.104021,114318.247891,110686.1708695
"Senior Officer","Queensland",2022-12-01,107036.77,114298.67,110667.215
"Senior Officer","SA",2014-10-01,72654.170765,89330.374958,81162.3556008571
"Senior Officer","SA",2015-09-30,72644.119465,89318.016598,81151.1272408571
"Senior Officer","SA",2015-10-01,74460.34893,91551.118787,83179.9849225714
"Senior Officer","SA",2016-09-30,74449.5312,91537.81808,83167.9003885714
"Senior Officer","SA",2016-10-01,76311.0224,93826.23824,85247.19184
"Senior Officer","SA",2017-09-30,76298.1993,93810.47193,85232.86713
"Senior Officer","SA",2017-10-01,78118.9173,95631.18993,87053.58513
"Senior Officer","SA",2018-09-30,78102.39008,95610.957728,87035.167648
"Senior Officer","SA",2018-10-01,79922.72288,97431.290528,88855.500448
"Senior Officer","SA",2019-09-30,79910.07808,97415.875648,88841.442368
"Senior Officer","SA",2019-10-01,81730.04205,99235.822305,90661.397505
"Senior Officer","SA",2021-07-31,81709.18791,99210.501411,90638.264451
"Senior Officer","SA",2021-08-01,82934.288792,100698.41274,91997.6585971429
"Senior Officer","SA",2021-12-08,82920.177568,100681.27896,91982.0052457143
"Senior Officer","SA",2021-12-09,83930.798526,101691.882345,92992.6172378571
"Senior Officer","SA",2022-07-31,83889.0284,101641.273,92946.3372857143
"Senior Officer","SA",2022-08-01,84122.301327,102140.210691,93314.9679128571
"Senior Officer","SA",2022-12-01,84105.73,102120.09,93296.5857142857
"Senior Officer","Tasmania",2014-12-01,85549.663745,96875.464105,91699.02515
"Senior Officer","Tasmania",2015-11-30,85536.306583,96860.338607,91684.7078671429
"Senior Officer","Tasmania",2015-12-01,87247.25531,98797.929862,93518.373116
"Senior Officer","Tasmania",2016-11-30,87234.32081,98783.282962,93504.508916
"Senior Officer","Tasmania",2016-12-01,88979.32393,100758.929954,95374.6609002857
"Senior Officer","Tasmania",2017-11-30,88961.38111,100738.611758,95355.4284505714
"Senior Officer","Tasmania",2017-12-01,90740.32816,102753.20104,97262.3822628571
"Senior Officer","Tasmania",2018-11-30,90725.615064,102736.540116,97246.611648
"Senior Officer","Tasmania",2018-12-01,92630.950646,104893.695548,99288.7650095714
"Senior Officer","Tasmania",2019-08-18,92619.592494,104880.833772,99276.5904947143
"Senior Officer","Tasmania",2019-08-19,92972.484891,105264.060759,99646.094691
"Senior Officer","Tasmania",2019-11-30,92967.427806,105258.335094,99640.674606
"Senior Officer","Tasmania",2019-12-01,94981.628961,107555.656125,101808.280523571
"Senior Officer","Tasmania",2020-11-30,94974.395658,107547.46525,101800.527338571
"Senior Officer","Tasmania",2020-12-01,97159.1181,110021.327262,104142.095715429
"Senior Officer","Tasmania",2021-11-30,97129.6154,109987.918908,104110.472610286
"Senior Officer","Tasmania",2021-12-01,99411.709254,112572.203227,106556.872613714
"Senior Officer","Tasmania",2022-11-30,99341.875074,112493.124137,106482.019139429
"Senior Officer","Tasmania",2022-12-01,103864.36,117475.12,111253.952857143
"Senior Officer","Victoria",2016-01-01,89043.810467,107735.452661,98389.631564
"Senior Officer","Victoria",2016-06-30,89039.058089,107729.702687,98384.380388
"Senior Officer","Victoria",2016-07-01,90374.448402,109345.322628,99860.1384465
"Senior Officer","Victoria",2016-12-31,90365.962337,109335.055218,99850.76168525
"Senior Officer","Victoria",2017-01-01,91947.14159,111248.049439,101597.84842225
"Senior Officer","Victoria",2017-06-30,91939.50683,111238.812043,101589.41232325
"Senior Officer","Victoria",2017-07-01,93318.245391,112907.864593,103113.054992
"Senior Officer","Victoria",2017-12-31,93307.45179,112894.80517,103101.12848
"Senior Officer","Victoria",2018-01-01,94939.89981,114870.12796,104905.2667425
"Senior Officer","Victoria",2018-06-30,94932.108849,114860.701484,104896.65800325
"Senior Officer","Victoria",2018-07-01,96356.1807,116584.152048,106470.419211
"Senior Officer","Victoria",2018-12-31,96350.27365,116577.004936,106463.8921145
"Senior Officer","Victoria",2019-01-01,98036.184354,118616.886091,108326.78804425
"Senior Officer","Victoria",2019-06-30,98027.071806,118605.860549,108316.71897575
"Senior Officer","Victoria",2019-07-01,99497.346428,120384.549036,109941.4533285
"Senior Officer","Victoria",2020-03-19,99480.717504,120364.429248,109923.078888
"Senior Officer","Victoria",2020-03-20,100972.889056,122169.997274,111571.9486765
"Senior Officer","Victoria",2020-06-30,100992.663712,122193.923198,111593.7990655
"Senior Officer","Victoria",2020-07-01,102381.070145,123713.788361,113047.9348635
"Senior Officer","Victoria",2020-11-30,102360.92239,123689.442502,113025.687957
"Senior Officer","Victoria",2020-12-01,102234.44352,123696.397308,112965.9259245
"Senior Officer","Victoria",2021-06-30,102221.80352,123681.103808,112951.959112
"Senior Officer","Victoria",2021-07-01,103636.9554,125230.683495,114434.324895
"Senior Officer","Victoria",2021-08-31,103631.41932,125223.993921,114428.212041
"Senior Officer","Victoria",2021-09-01,103749.482443,125529.019537,114639.7564095
"Senior Officer","Victoria",2022-05-31,103697.856032,125466.555488,114582.710928
"Senior Officer","Victoria",2022-06-01,104993.80536,127034.219755,116014.77030725
"Senior Officer","Victoria",2022-06-30,104985.6996,127024.412425,116005.81370375
"Senior Officer","Victoria",2022-07-01,106428.027696,128604.069348,117516.806211
"Senior Officer","Victoria",2022-12-01,106401.48,128571.99,117487.4925
"Senior Officer","WA",2015-06-13,97696.430856,108184.287201,102853.3396705
"Senior Officer","WA",2016-06-12,97685.423928,108172.098663,102841.7517415
"Senior Officer","WA",2016-06-13,100127.761874,110876.47701,105412.83347525
"Senior Officer","WA",2017-06-12,100109.255232,110855.98368,105393.349992
"Senior Officer","WA",2017-06-13,101120.807232,111867.53568,106404.901992
"Senior Officer","WA",2018-06-12,101099.814372,111844.31178,106382.8121445
"Senior Officer","WA",2018-06-13,102111.156372,112855.65378,107394.1541445
"Senior Officer","WA",2019-06-12,102095.607608,112838.46892,107377.800923
"Senior Officer","WA",2019-06-13,103106.795608,113849.65692,108388.988923
"Senior Officer","WA",2020-06-12,103109.54869,113852.69685,108391.88304625
"Senior Officer","WA",2020-06-13,104120.866656,114864.02544,109403.206236
"Senior Officer","WA",2021-06-12,104089.564992,114829.49408,109370.316552
"Senior Officer","WA",2021-06-13,105100.373026,115840.29149,110381.11936225
"Senior Officer","WA",2022-06-12,105037.265664,115770.73536,110314.841184
"Senior Officer","WA",2022-06-13,108189.092886,119243.806428,113624.512266
"Senior Officer","WA",2022-12-01,108156.86,119208.28,113590.66
"Specialist","NT",2014-08-14,136836.494009,146546.413324,141691.4536665
"Specialist","NT",2015-08-12,136816.887544,146525.415584,141671.151564
"Specialist","NT",2015-08-13,140921.889968,150920.813792,145921.35188
"Specialist","NT",2016-08-10,140904.341444,150902.020136,145903.18079
"Specialist","NT",2016-08-11,145131.10566,155429.250855,150280.1782575
"Specialist","NT",2017-08-09,145106.145012,155402.519061,150254.3320365
"Specialist","NT",2017-08-10,148733.495178,159287.809632,154010.652405
"Specialist","NT",2018-08-22,148701.587932,159253.638208,153977.61307
"Specialist","NT",2018-08-23,152419.178196,163235.181426,157827.179811
"Specialist","NT",2019-08-21,152394.913242,163209.194577,157802.0539095
"Specialist","NT",2019-08-22,156204.937746,167289.196932,161747.067339
"Specialist","NT",2020-08-19,156191.34333,167274.63786,161732.990595
"Specialist","NT",2020-08-20,160095.759672,171456.06354,165775.911606
"Specialist","NT",2021-08-09,160064.724248,171422.82586,165743.775054
"Specialist","NT",2021-08-10,164108.029904,175466.12028,169787.075092
"Specialist","NT",2022-08-09,163998.447704,175348.95378,169673.700742
"Specialist","NT",2022-08-10,161978.065704,173328.57178,167653.318742
"Specialist","NT",2022-12-01,161947.44,173295.8,167621.62
"Specialist","Tasmania",2014-12-01,134115.408105,174854.692495,155233.13803375
"Specialist","Tasmania",2015-11-30,134094.468207,174827.391833,155208.90095225
"Specialist","Tasmania",2015-12-01,136776.742054,178324.162265,158313.09414825
"Specialist","Tasmania",2016-11-30,136756.464754,178297.725515,158289.62406075
"Specialist","Tasmania",2016-12-01,139491.820356,181863.60142,161455.28729475
"Specialist","Tasmania",2017-11-30,139463.691612,181826.92834,161422.72958325
"Specialist","Tasmania",2017-12-01,142252.96736,185462.6956,164650.80044
"Specialist","Tasmania",2018-11-30,142229.901744,185432.62374,164624.103126
"Specialist","Tasmania",2018-12-01,145217.354646,189327.234832,168081.316339
"Specialist","Tasmania",2019-08-18,145199.548494,189304.020048,168060.706671
"Specialist","Tasmania",2019-08-19,145683.890781,189898.578012,168602.1791025
"Specialist","Tasmania",2019-11-30,145675.966546,189888.248792,168593.008265
"Specialist","Tasmania",2019-12-01,148902.527532,194132.019099,172346.753657625
"Specialist","Tasmania",2020-11-30,148891.187896,194117.235022,172333.62863225
"Specialist","Tasmania",2020-12-01,152315.368755,198581.711757,176297.03963025
"Specialist","Tasmania",2021-11-30,152269.11767,198521.411738,176243.5064285
"Specialist","Tasmania",2021-12-01,155846.891035,203186.666529,180385.107588125
"Specialist","Tasmania",2022-11-30,155737.412585,203043.933099,180258.391669375
"Specialist","Tasmania",2022-12-01,162233.27,211195.04,187612.17125
"Specialist","Victoria",2016-01-01,148347.33022,201754.190305,175051.434783167
"Specialist","Victoria",2016-06-30,148339.41274,201743.422435,175042.092072167
"Specialist","Victoria",2016-07-01,150564.051594,204769.295496,177667.348029
"Specialist","Victoria",2016-12-31,150549.913789,204750.067876,177650.665253167
"Specialist","Victoria",2017-01-01,153184.200913,208333.264878,180759.407316167
"Specialist","Victoria",2017-06-30,153171.481381,208315.966086,180744.398098167
"Specialist","Victoria",2017-07-01,155468.704618,211440.634769,183455.6812405
"Specialist","Victoria",2017-12-31,155450.72242,211416.17861,183434.461945
"Specialist","Victoria",2018-01-01,158171.46912,215115.98955,186644.403621667
"Specialist","Victoria",2018-06-30,158158.489248,215098.336695,186629.087202833
"Specialist","Victoria",2018-07-01,160531.26804,218324.7495,189428.683002
"Specialist","Victoria",2018-12-31,160521.42678,218311.36525,189417.070205667
"Specialist","Victoria",2019-01-01,163330.940796,222132.223411,192731.919199167
"Specialist","Victoria",2019-06-30,163315.759044,222111.576029,192714.004600833
"Specialist","Victoria",2019-07-01,165765.879683,225443.456964,195604.6683235
"Specialist","Victoria",2020-03-19,165738.175344,225405.778752,195571.977048
"Specialist","Victoria",2020-03-20,168224.11697,228786.416716,198505.266843
"Specialist","Victoria",2020-06-30,168257.06219,228831.222532,198544.142361
"Specialist","Victoria",2020-07-01,170601.072468,231677.809647,201139.272520667
"Specialist","Victoria",2020-11-30,170567.499576,231632.217354,201099.689961333
"Specialist","Victoria",2020-12-01,170326.70787,231646.142541,200986.0881985
"Specialist","Victoria",2021-06-30,170305.64912,231617.502416,200961.238802667
"Specialist","Victoria",2021-07-01,172696.247325,234519.55284,203607.5631175
"Specialist","Victoria",2021-08-31,172687.022235,234507.025272,203596.6868065
"Specialist","Victoria",2021-09-01,172850.436483,235078.696162,203964.229376167
"Specialist","Victoria",2022-05-31,172764.424992,234961.719488,203862.735461333
"Specialist","Victoria",2022-06-01,174922.993622,237898.059845,206410.189955833
"Specialist","Victoria",2022-06-30,174909.48917,237879.693575,206394.254620833
"Specialist","Victoria",2022-07-01,177345.697592,240838.015288,209091.688064667
"Specialist","Victoria",2022-12-01,177301.46,240777.94,209039.531666667
"University Lecturer or Tutor","National",2014-05-16,77608.46894895,77608.46894895,77608.46894895
"University Lecturer or Tutor","National",2016-05-20,81130.7190353143,81130.7190353143,81130.7190353143
"University Lecturer or Tutor","National",2018-05-18,93520.68600795,93520.68600795,93520.68600795
"University Lecturer or Tutor","National",2021-05-21,93713.8513194,93713.8513194,93713.8513194
